representation,projection,seed,native_dim,probe_dim,backbone_select_layer,window_size,best_epoch,validation_loss,boundary_threshold,validation_boundary_event_f1_at_5,parameter_count,streaming_probe_latency_ms_per_sample,train_episode_ids,validation_episode_ids,test_episode_ids,decoder,uses_offline_viterbi,checkpoint_selection,stage_macro_f1,stage_balanced_accuracy,stage_0_precision,stage_0_recall,stage_1_precision,stage_1_recall,boundary_median_abs_error,false_boundaries_per_episode,predicted_boundaries_per_episode,no_boundary_failure_fpr,no_boundary_failure_episodes,boundary_event_f1_at_5,boundary_tp_at_5,boundary_fp_at_5,boundary_fn_at_5,boundary_event_f1_at_10,boundary_tp_at_10,boundary_fp_at_10,boundary_fn_at_10,checkpoint,history
R0_raw_state,native,17,8,8,16,16,5,0.8815395890650424,0.9,0.17391304347826086,1063171,11.089662273189973,"['bowl_drawer/episode_0003', 'bowl_drawer/episode_0004', 'bowl_drawer/episode_0005', 'bowl_drawer/episode_0006', 'bowl_drawer/episode_0007', 'bowl_drawer/episode_0008', 'bowl_drawer/episode_0009', 'bowl_drawer/episode_0012', 'bowl_drawer/episode_0014', 'bowl_drawer/episode_0016', 'bowl_drawer/episode_0017', 'bowl_drawer/episode_0018', 'mug_microwave/episode_0001', 'mug_microwave/episode_0002', 'mug_microwave/episode_0003', 'mug_microwave/episode_0006', 'mug_microwave/episode_0007', 'mug_microwave/episode_0009', 'mug_microwave/episode_0011', 'mug_microwave/episode_0013', 'mug_microwave/episode_0014', 'mug_microwave/episode_0016', 'mug_microwave/episode_0017', 'mug_microwave/episode_0018', 'stove_moka/episode_0002', 'stove_moka/episode_0003', 'stove_moka/episode_0004', 'stove_moka/episode_0006', 'stove_moka/episode_0007', 'stove_moka/episode_0008', 'stove_moka/episode_0009', 'stove_moka/episode_0010', 'stove_moka/episode_0011', 'stove_moka/episode_0013', 'stove_moka/episode_0014', 'stove_moka/episode_0019']","['bowl_drawer/episode_0000', 'bowl_drawer/episode_0001', 'bowl_drawer/episode_0013', 'bowl_drawer/episode_0015', 'mug_microwave/episode_0000', 'mug_microwave/episode_0008', 'mug_microwave/episode_0015', 'mug_microwave/episode_0019', 'stove_moka/episode_0000', 'stove_moka/episode_0005', 'stove_moka/episode_0015', 'stove_moka/episode_0016']","['bowl_drawer/episode_0002', 'bowl_drawer/episode_0010', 'bowl_drawer/episode_0011', 'bowl_drawer/episode_0019', 'mug_microwave/episode_0004', 'mug_microwave/episode_0005', 'mug_microwave/episode_0010', 'mug_microwave/episode_0012', 'stove_moka/episode_0001', 'stove_moka/episode_0012', 'stove_moka/episode_0017', 'stove_moka/episode_0018']",strict_streaming_first_rising_event,False,boundary_f1_at_5_then_10_then_stage_then_fp_then_loss,0.9899718508092892,0.9899718508092892,0.9901477832512315,0.9901477832512315,0.9897959183673469,0.9897959183673469,10.0,0.9166666666666666,1.0,nan,0,0.08333333333333333,1,11,11,0.6666666666666666,8,4,4,reports/transformer_streaming_native_seed17_v1/checkpoints/R0_raw_state__native__seed_17.pt,reports/transformer_streaming_native_seed17_v1/histories/R0_raw_state__native__seed_17.json
R0_raw_state,native,29,8,8,16,16,2,0.33315394492376416,0.95,0.08695652173913043,1063171,3.468176827580245,"['bowl_drawer/episode_0000', 'bowl_drawer/episode_0001', 'bowl_drawer/episode_0003', 'bowl_drawer/episode_0004', 'bowl_drawer/episode_0005', 'bowl_drawer/episode_0007', 'bowl_drawer/episode_0008', 'bowl_drawer/episode_0011', 'bowl_drawer/episode_0013', 'bowl_drawer/episode_0014', 'bowl_drawer/episode_0015', 'bowl_drawer/episode_0016', 'mug_microwave/episode_0000', 'mug_microwave/episode_0002', 'mug_microwave/episode_0004', 'mug_microwave/episode_0008', 'mug_microwave/episode_0009', 'mug_microwave/episode_0012', 'mug_microwave/episode_0013', 'mug_microwave/episode_0014', 'mug_microwave/episode_0015', 'mug_microwave/episode_0016', 'mug_microwave/episode_0017', 'mug_microwave/episode_0019', 'stove_moka/episode_0000', 'stove_moka/episode_0002', 'stove_moka/episode_0003', 'stove_moka/episode_0006', 'stove_moka/episode_0007', 'stove_moka/episode_0008', 'stove_moka/episode_0009', 'stove_moka/episode_0011', 'stove_moka/episode_0013', 'stove_moka/episode_0017', 'stove_moka/episode_0018', 'stove_moka/episode_0019']","['bowl_drawer/episode_0002', 'bowl_drawer/episode_0006', 'bowl_drawer/episode_0010', 'bowl_drawer/episode_0012', 'mug_microwave/episode_0001', 'mug_microwave/episode_0005', 'mug_microwave/episode_0006', 'mug_microwave/episode_0018', 'stove_moka/episode_0001', 'stove_moka/episode_0005', 'stove_moka/episode_0015', 'stove_moka/episode_0016']","['bowl_drawer/episode_0009', 'bowl_drawer/episode_0017', 'bowl_drawer/episode_0018', 'bowl_drawer/episode_0019', 'mug_microwave/episode_0003', 'mug_microwave/episode_0007', 'mug_microwave/episode_0010', 'mug_microwave/episode_0011', 'stove_moka/episode_0004', 'stove_moka/episode_0010', 'stove_moka/episode_0012', 'stove_moka/episode_0014']",strict_streaming_first_rising_event,False,boundary_f1_at_5_then_10_then_stage_then_fp_then_loss,0.8598350180085976,0.8762809178881728,0.9855769230769231,0.7677902621722846,0.7578125,0.9847715736040609,12.0,0.8333333333333334,0.9166666666666666,0.0,1,0.09090909090909091,1,10,10,0.45454545454545453,5,6,6,reports/transformer_streaming_native_seed17_v1/checkpoints/R0_raw_state__native__seed_29.pt,reports/transformer_streaming_native_seed17_v1/histories/R0_raw_state__native__seed_29.json
R0_raw_state,native,41,8,8,16,16,6,0.2772753022106017,0.9,0.16666666666666666,1063171,3.665626713336678,"['bowl_drawer/episode_0000', 'bowl_drawer/episode_0001', 'bowl_drawer/episode_0002', 'bowl_drawer/episode_0005', 'bowl_drawer/episode_0008', 'bowl_drawer/episode_0009', 'bowl_drawer/episode_0011', 'bowl_drawer/episode_0012', 'bowl_drawer/episode_0015', 'bowl_drawer/episode_0016', 'bowl_drawer/episode_0017', 'bowl_drawer/episode_0019', 'mug_microwave/episode_0001', 'mug_microwave/episode_0003', 'mug_microwave/episode_0004', 'mug_microwave/episode_0006', 'mug_microwave/episode_0007', 'mug_microwave/episode_0008', 'mug_microwave/episode_0009', 'mug_microwave/episode_0012', 'mug_microwave/episode_0014', 'mug_microwave/episode_0015', 'mug_microwave/episode_0017', 'mug_microwave/episode_0019', 'stove_moka/episode_0002', 'stove_moka/episode_0004', 'stove_moka/episode_0005', 'stove_moka/episode_0008', 'stove_moka/episode_0009', 'stove_moka/episode_0011', 'stove_moka/episode_0013', 'stove_moka/episode_0015', 'stove_moka/episode_0016', 'stove_moka/episode_0017', 'stove_moka/episode_0018', 'stove_moka/episode_0019']","['bowl_drawer/episode_0003', 'bowl_drawer/episode_0004', 'bowl_drawer/episode_0010', 'bowl_drawer/episode_0018', 'mug_microwave/episode_0005', 'mug_microwave/episode_0010', 'mug_microwave/episode_0013', 'mug_microwave/episode_0018', 'stove_moka/episode_0001', 'stove_moka/episode_0003', 'stove_moka/episode_0006', 'stove_moka/episode_0010']","['bowl_drawer/episode_0006', 'bowl_drawer/episode_0007', 'bowl_drawer/episode_0013', 'bowl_drawer/episode_0014', 'mug_microwave/episode_0000', 'mug_microwave/episode_0002', 'mug_microwave/episode_0011', 'mug_microwave/episode_0016', 'stove_moka/episode_0000', 'stove_moka/episode_0007', 'stove_moka/episode_0012', 'stove_moka/episode_0014']",strict_streaming_first_rising_event,False,boundary_f1_at_5_then_10_then_stage_then_fp_then_loss,0.8877155860747366,0.9084249084249084,1.0,0.8168498168498168,0.7797356828193832,1.0,16.0,0.9166666666666666,0.9166666666666666,0.0,1,0.0,0,11,11,0.18181818181818182,2,9,9,reports/transformer_streaming_native_seed17_v1/checkpoints/R0_raw_state__native__seed_41.pt,reports/transformer_streaming_native_seed17_v1/histories/R0_raw_state__native__seed_41.json
R0_raw_state,native,53,8,8,16,16,1,0.32467032554672987,0.95,0.0,1063171,3.5336566520726493,"['bowl_drawer/episode_0000', 'bowl_drawer/episode_0002', 'bowl_drawer/episode_0003', 'bowl_drawer/episode_0004', 'bowl_drawer/episode_0006', 'bowl_drawer/episode_0007', 'bowl_drawer/episode_0009', 'bowl_drawer/episode_0010', 'bowl_drawer/episode_0012', 'bowl_drawer/episode_0015', 'bowl_drawer/episode_0016', 'bowl_drawer/episode_0019', 'mug_microwave/episode_0000', 'mug_microwave/episode_0001', 'mug_microwave/episode_0002', 'mug_microwave/episode_0003', 'mug_microwave/episode_0004', 'mug_microwave/episode_0005', 'mug_microwave/episode_0006', 'mug_microwave/episode_0010', 'mug_microwave/episode_0011', 'mug_microwave/episode_0013', 'mug_microwave/episode_0015', 'mug_microwave/episode_0016', 'stove_moka/episode_0001', 'stove_moka/episode_0004', 'stove_moka/episode_0005', 'stove_moka/episode_0006', 'stove_moka/episode_0007', 'stove_moka/episode_0010', 'stove_moka/episode_0013', 'stove_moka/episode_0014', 'stove_moka/episode_0015', 'stove_moka/episode_0017', 'stove_moka/episode_0018', 'stove_moka/episode_0019']","['bowl_drawer/episode_0001', 'bowl_drawer/episode_0005', 'bowl_drawer/episode_0013', 'bowl_drawer/episode_0014', 'mug_microwave/episode_0008', 'mug_microwave/episode_0012', 'mug_microwave/episode_0014', 'mug_microwave/episode_0017', 'stove_moka/episode_0002', 'stove_moka/episode_0011', 'stove_moka/episode_0012', 'stove_moka/episode_0016']","['bowl_drawer/episode_0008', 'bowl_drawer/episode_0011', 'bowl_drawer/episode_0017', 'bowl_drawer/episode_0018', 'mug_microwave/episode_0007', 'mug_microwave/episode_0009', 'mug_microwave/episode_0018', 'mug_microwave/episode_0019', 'stove_moka/episode_0000', 'stove_moka/episode_0003', 'stove_moka/episode_0008', 'stove_moka/episode_0009']",strict_streaming_first_rising_event,False,boundary_f1_at_5_then_10_then_stage_then_fp_then_loss,0.970026828166919,0.9700460829493087,0.9951456310679612,0.9447004608294931,0.9473684210526315,0.9953917050691244,12.0,1.0,1.0,nan,0,0.0,0,12,12,0.3333333333333333,4,8,8,reports/transformer_streaming_native_seed17_v1/checkpoints/R0_raw_state__native__seed_53.pt,reports/transformer_streaming_native_seed17_v1/histories/R0_raw_state__native__seed_53.json
R0_raw_state,native,67,8,8,16,16,4,0.5728586014049047,0.95,0.0,1063171,3.7224652426211544,"['bowl_drawer/episode_0002', 'bowl_drawer/episode_0003', 'bowl_drawer/episode_0004', 'bowl_drawer/episode_0005', 'bowl_drawer/episode_0006', 'bowl_drawer/episode_0007', 'bowl_drawer/episode_0010', 'bowl_drawer/episode_0012', 'bowl_drawer/episode_0013', 'bowl_drawer/episode_0015', 'bowl_drawer/episode_0018', 'bowl_drawer/episode_0019', 'mug_microwave/episode_0000', 'mug_microwave/episode_0003', 'mug_microwave/episode_0004', 'mug_microwave/episode_0006', 'mug_microwave/episode_0009', 'mug_microwave/episode_0010', 'mug_microwave/episode_0012', 'mug_microwave/episode_0014', 'mug_microwave/episode_0016', 'mug_microwave/episode_0017', 'mug_microwave/episode_0018', 'mug_microwave/episode_0019', 'stove_moka/episode_0000', 'stove_moka/episode_0004', 'stove_moka/episode_0005', 'stove_moka/episode_0007', 'stove_moka/episode_0008', 'stove_moka/episode_0009', 'stove_moka/episode_0010', 'stove_moka/episode_0011', 'stove_moka/episode_0013', 'stove_moka/episode_0015', 'stove_moka/episode_0018', 'stove_moka/episode_0019']","['bowl_drawer/episode_0000', 'bowl_drawer/episode_0001', 'bowl_drawer/episode_0009', 'bowl_drawer/episode_0014', 'mug_microwave/episode_0002', 'mug_microwave/episode_0005', 'mug_microwave/episode_0011', 'mug_microwave/episode_0015', 'stove_moka/episode_0003', 'stove_moka/episode_0006', 'stove_moka/episode_0014', 'stove_moka/episode_0017']","['bowl_drawer/episode_0008', 'bowl_drawer/episode_0011', 'bowl_drawer/episode_0016', 'bowl_drawer/episode_0017', 'mug_microwave/episode_0001', 'mug_microwave/episode_0007', 'mug_microwave/episode_0008', 'mug_microwave/episode_0013', 'stove_moka/episode_0001', 'stove_moka/episode_0002', 'stove_moka/episode_0012', 'stove_moka/episode_0016']",strict_streaming_first_rising_event,False,boundary_f1_at_5_then_10_then_stage_then_fp_then_loss,0.9636872658405039,0.9655332590115199,0.9321266968325792,0.9951690821256038,0.9954545454545455,0.9358974358974359,12.5,0.9166666666666666,1.0,nan,0,0.08333333333333333,1,11,11,0.3333333333333333,4,8,8,reports/transformer_streaming_native_seed17_v1/checkpoints/R0_raw_state__native__seed_67.pt,reports/transformer_streaming_native_seed17_v1/histories/R0_raw_state__native__seed_67.json
R0_raw_state,common_256,17,8,256,16,16,6,1.3377009431650113,0.95,0.43478260869565216,1126659,3.6298971628848973,"['bowl_drawer/episode_0003', 'bowl_drawer/episode_0004', 'bowl_drawer/episode_0005', 'bowl_drawer/episode_0006', 'bowl_drawer/episode_0007', 'bowl_drawer/episode_0008', 'bowl_drawer/episode_0009', 'bowl_drawer/episode_0012', 'bowl_drawer/episode_0014', 'bowl_drawer/episode_0016', 'bowl_drawer/episode_0017', 'bowl_drawer/episode_0018', 'mug_microwave/episode_0001', 'mug_microwave/episode_0002', 'mug_microwave/episode_0003', 'mug_microwave/episode_0006', 'mug_microwave/episode_0007', 'mug_microwave/episode_0009', 'mug_microwave/episode_0011', 'mug_microwave/episode_0013', 'mug_microwave/episode_0014', 'mug_microwave/episode_0016', 'mug_microwave/episode_0017', 'mug_microwave/episode_0018', 'stove_moka/episode_0002', 'stove_moka/episode_0003', 'stove_moka/episode_0004', 'stove_moka/episode_0006', 'stove_moka/episode_0007', 'stove_moka/episode_0008', 'stove_moka/episode_0009', 'stove_moka/episode_0010', 'stove_moka/episode_0011', 'stove_moka/episode_0013', 'stove_moka/episode_0014', 'stove_moka/episode_0019']","['bowl_drawer/episode_0000', 'bowl_drawer/episode_0001', 'bowl_drawer/episode_0013', 'bowl_drawer/episode_0015', 'mug_microwave/episode_0000', 'mug_microwave/episode_0008', 'mug_microwave/episode_0015', 'mug_microwave/episode_0019', 'stove_moka/episode_0000', 'stove_moka/episode_0005', 'stove_moka/episode_0015', 'stove_moka/episode_0016']","['bowl_drawer/episode_0002', 'bowl_drawer/episode_0010', 'bowl_drawer/episode_0011', 'bowl_drawer/episode_0019', 'mug_microwave/episode_0004', 'mug_microwave/episode_0005', 'mug_microwave/episode_0010', 'mug_microwave/episode_0012', 'stove_moka/episode_0001', 'stove_moka/episode_0012', 'stove_moka/episode_0017', 'stove_moka/episode_0018']",strict_streaming_first_rising_event,False,boundary_f1_at_5_then_10_then_stage_then_fp_then_loss,0.982440257266263,0.9822308233638283,0.9711538461538461,0.9950738916256158,0.9947643979057592,0.9693877551020408,3.5,0.4166666666666667,1.0,nan,0,0.5833333333333334,7,5,5,0.8333333333333334,10,2,2,reports/transformer_streaming_native_seed17_v1/checkpoints/R0_raw_state__common_256__seed_17.pt,reports/transformer_streaming_native_seed17_v1/histories/R0_raw_state__common_256__seed_17.json
R0_raw_state,common_256,29,8,256,16,16,2,0.4785282912708464,0.9,0.08695652173913043,1126659,3.7966984159509294,"['bowl_drawer/episode_0000', 'bowl_drawer/episode_0001', 'bowl_drawer/episode_0003', 'bowl_drawer/episode_0004', 'bowl_drawer/episode_0005', 'bowl_drawer/episode_0007', 'bowl_drawer/episode_0008', 'bowl_drawer/episode_0011', 'bowl_drawer/episode_0013', 'bowl_drawer/episode_0014', 'bowl_drawer/episode_0015', 'bowl_drawer/episode_0016', 'mug_microwave/episode_0000', 'mug_microwave/episode_0002', 'mug_microwave/episode_0004', 'mug_microwave/episode_0008', 'mug_microwave/episode_0009', 'mug_microwave/episode_0012', 'mug_microwave/episode_0013', 'mug_microwave/episode_0014', 'mug_microwave/episode_0015', 'mug_microwave/episode_0016', 'mug_microwave/episode_0017', 'mug_microwave/episode_0019', 'stove_moka/episode_0000', 'stove_moka/episode_0002', 'stove_moka/episode_0003', 'stove_moka/episode_0006', 'stove_moka/episode_0007', 'stove_moka/episode_0008', 'stove_moka/episode_0009', 'stove_moka/episode_0011', 'stove_moka/episode_0013', 'stove_moka/episode_0017', 'stove_moka/episode_0018', 'stove_moka/episode_0019']","['bowl_drawer/episode_0002', 'bowl_drawer/episode_0006', 'bowl_drawer/episode_0010', 'bowl_drawer/episode_0012', 'mug_microwave/episode_0001', 'mug_microwave/episode_0005', 'mug_microwave/episode_0006', 'mug_microwave/episode_0018', 'stove_moka/episode_0001', 'stove_moka/episode_0005', 'stove_moka/episode_0015', 'stove_moka/episode_0016']","['bowl_drawer/episode_0009', 'bowl_drawer/episode_0017', 'bowl_drawer/episode_0018', 'bowl_drawer/episode_0019', 'mug_microwave/episode_0003', 'mug_microwave/episode_0007', 'mug_microwave/episode_0010', 'mug_microwave/episode_0011', 'stove_moka/episode_0004', 'stove_moka/episode_0010', 'stove_moka/episode_0012', 'stove_moka/episode_0014']",strict_streaming_first_rising_event,False,boundary_f1_at_5_then_10_then_stage_then_fp_then_loss,0.8790856972675154,0.8931348504724423,0.9861751152073732,0.8014981273408239,0.7854251012145749,0.9847715736040609,14.0,0.9166666666666666,0.9166666666666666,0.0,1,0.0,0,11,11,0.18181818181818182,2,9,9,reports/transformer_streaming_native_seed17_v1/checkpoints/R0_raw_state__common_256__seed_29.pt,reports/transformer_streaming_native_seed17_v1/histories/R0_raw_state__common_256__seed_29.json
R0_raw_state,common_256,41,8,256,16,16,15,0.3049043128695384,0.95,0.17391304347826086,1126659,3.56655451999763,"['bowl_drawer/episode_0000', 'bowl_drawer/episode_0001', 'bowl_drawer/episode_0002', 'bowl_drawer/episode_0005', 'bowl_drawer/episode_0008', 'bowl_drawer/episode_0009', 'bowl_drawer/episode_0011', 'bowl_drawer/episode_0012', 'bowl_drawer/episode_0015', 'bowl_drawer/episode_0016', 'bowl_drawer/episode_0017', 'bowl_drawer/episode_0019', 'mug_microwave/episode_0001', 'mug_microwave/episode_0003', 'mug_microwave/episode_0004', 'mug_microwave/episode_0006', 'mug_microwave/episode_0007', 'mug_microwave/episode_0008', 'mug_microwave/episode_0009', 'mug_microwave/episode_0012', 'mug_microwave/episode_0014', 'mug_microwave/episode_0015', 'mug_microwave/episode_0017', 'mug_microwave/episode_0019', 'stove_moka/episode_0002', 'stove_moka/episode_0004', 'stove_moka/episode_0005', 'stove_moka/episode_0008', 'stove_moka/episode_0009', 'stove_moka/episode_0011', 'stove_moka/episode_0013', 'stove_moka/episode_0015', 'stove_moka/episode_0016', 'stove_moka/episode_0017', 'stove_moka/episode_0018', 'stove_moka/episode_0019']","['bowl_drawer/episode_0003', 'bowl_drawer/episode_0004', 'bowl_drawer/episode_0010', 'bowl_drawer/episode_0018', 'mug_microwave/episode_0005', 'mug_microwave/episode_0010', 'mug_microwave/episode_0013', 'mug_microwave/episode_0018', 'stove_moka/episode_0001', 'stove_moka/episode_0003', 'stove_moka/episode_0006', 'stove_moka/episode_0010']","['bowl_drawer/episode_0006', 'bowl_drawer/episode_0007', 'bowl_drawer/episode_0013', 'bowl_drawer/episode_0014', 'mug_microwave/episode_0000', 'mug_microwave/episode_0002', 'mug_microwave/episode_0011', 'mug_microwave/episode_0016', 'stove_moka/episode_0000', 'stove_moka/episode_0007', 'stove_moka/episode_0012', 'stove_moka/episode_0014']",strict_streaming_first_rising_event,False,boundary_f1_at_5_then_10_then_stage_then_fp_then_loss,0.9272271523580424,0.9394052275408207,0.9918367346938776,0.8901098901098901,0.8536585365853658,0.9887005649717514,13.0,0.8333333333333334,0.9166666666666666,0.0,1,0.09090909090909091,1,10,10,0.36363636363636365,4,7,7,reports/transformer_streaming_native_seed17_v1/checkpoints/R0_raw_state__common_256__seed_41.pt,reports/transformer_streaming_native_seed17_v1/histories/R0_raw_state__common_256__seed_41.json
R0_raw_state,common_256,53,8,256,16,16,2,0.48292453434409166,0.95,0.4166666666666667,1126659,3.699795209680069,"['bowl_drawer/episode_0000', 'bowl_drawer/episode_0002', 'bowl_drawer/episode_0003', 'bowl_drawer/episode_0004', 'bowl_drawer/episode_0006', 'bowl_drawer/episode_0007', 'bowl_drawer/episode_0009', 'bowl_drawer/episode_0010', 'bowl_drawer/episode_0012', 'bowl_drawer/episode_0015', 'bowl_drawer/episode_0016', 'bowl_drawer/episode_0019', 'mug_microwave/episode_0000', 'mug_microwave/episode_0001', 'mug_microwave/episode_0002', 'mug_microwave/episode_0003', 'mug_microwave/episode_0004', 'mug_microwave/episode_0005', 'mug_microwave/episode_0006', 'mug_microwave/episode_0010', 'mug_microwave/episode_0011', 'mug_microwave/episode_0013', 'mug_microwave/episode_0015', 'mug_microwave/episode_0016', 'stove_moka/episode_0001', 'stove_moka/episode_0004', 'stove_moka/episode_0005', 'stove_moka/episode_0006', 'stove_moka/episode_0007', 'stove_moka/episode_0010', 'stove_moka/episode_0013', 'stove_moka/episode_0014', 'stove_moka/episode_0015', 'stove_moka/episode_0017', 'stove_moka/episode_0018', 'stove_moka/episode_0019']","['bowl_drawer/episode_0001', 'bowl_drawer/episode_0005', 'bowl_drawer/episode_0013', 'bowl_drawer/episode_0014', 'mug_microwave/episode_0008', 'mug_microwave/episode_0012', 'mug_microwave/episode_0014', 'mug_microwave/episode_0017', 'stove_moka/episode_0002', 'stove_moka/episode_0011', 'stove_moka/episode_0012', 'stove_moka/episode_0016']","['bowl_drawer/episode_0008', 'bowl_drawer/episode_0011', 'bowl_drawer/episode_0017', 'bowl_drawer/episode_0018', 'mug_microwave/episode_0007', 'mug_microwave/episode_0009', 'mug_microwave/episode_0018', 'mug_microwave/episode_0019', 'stove_moka/episode_0000', 'stove_moka/episode_0003', 'stove_moka/episode_0008', 'stove_moka/episode_0009']",strict_streaming_first_rising_event,False,boundary_f1_at_5_then_10_then_stage_then_fp_then_loss,0.9492818289988101,0.9493087557603687,0.9710144927536232,0.9262672811059908,0.9295154185022027,0.9723502304147466,9.5,0.5833333333333334,1.0,nan,0,0.4166666666666667,5,7,7,0.5,6,6,6,reports/transformer_streaming_native_seed17_v1/checkpoints/R0_raw_state__common_256__seed_53.pt,reports/transformer_streaming_native_seed17_v1/histories/R0_raw_state__common_256__seed_53.json
R0_raw_state,common_256,67,8,256,16,16,1,1.1898193236936565,0.95,0.25,1126659,3.873764866195349,"['bowl_drawer/episode_0002', 'bowl_drawer/episode_0003', 'bowl_drawer/episode_0004', 'bowl_drawer/episode_0005', 'bowl_drawer/episode_0006', 'bowl_drawer/episode_0007', 'bowl_drawer/episode_0010', 'bowl_drawer/episode_0012', 'bowl_drawer/episode_0013', 'bowl_drawer/episode_0015', 'bowl_drawer/episode_0018', 'bowl_drawer/episode_0019', 'mug_microwave/episode_0000', 'mug_microwave/episode_0003', 'mug_microwave/episode_0004', 'mug_microwave/episode_0006', 'mug_microwave/episode_0009', 'mug_microwave/episode_0010', 'mug_microwave/episode_0012', 'mug_microwave/episode_0014', 'mug_microwave/episode_0016', 'mug_microwave/episode_0017', 'mug_microwave/episode_0018', 'mug_microwave/episode_0019', 'stove_moka/episode_0000', 'stove_moka/episode_0004', 'stove_moka/episode_0005', 'stove_moka/episode_0007', 'stove_moka/episode_0008', 'stove_moka/episode_0009', 'stove_moka/episode_0010', 'stove_moka/episode_0011', 'stove_moka/episode_0013', 'stove_moka/episode_0015', 'stove_moka/episode_0018', 'stove_moka/episode_0019']","['bowl_drawer/episode_0000', 'bowl_drawer/episode_0001', 'bowl_drawer/episode_0009', 'bowl_drawer/episode_0014', 'mug_microwave/episode_0002', 'mug_microwave/episode_0005', 'mug_microwave/episode_0011', 'mug_microwave/episode_0015', 'stove_moka/episode_0003', 'stove_moka/episode_0006', 'stove_moka/episode_0014', 'stove_moka/episode_0017']","['bowl_drawer/episode_0008', 'bowl_drawer/episode_0011', 'bowl_drawer/episode_0016', 'bowl_drawer/episode_0017', 'mug_microwave/episode_0001', 'mug_microwave/episode_0007', 'mug_microwave/episode_0008', 'mug_microwave/episode_0013', 'stove_moka/episode_0001', 'stove_moka/episode_0002', 'stove_moka/episode_0012', 'stove_moka/episode_0016']",strict_streaming_first_rising_event,False,boundary_f1_at_5_then_10_then_stage_then_fp_then_loss,0.9681160917165874,0.9678558156819026,0.9707317073170731,0.961352657004831,0.9661016949152542,0.9743589743589743,10.0,0.75,1.0,nan,0,0.25,3,9,9,0.5,6,6,6,reports/transformer_streaming_native_seed17_v1/checkpoints/R0_raw_state__common_256__seed_67.pt,reports/transformer_streaming_native_seed17_v1/histories/R0_raw_state__common_256__seed_67.json
R1_action_chunk,native,17,112,112,16,16,4,0.8380932126726423,0.95,0.3333333333333333,1089795,11.967442764403598,"['bowl_drawer/episode_0003', 'bowl_drawer/episode_0004', 'bowl_drawer/episode_0005', 'bowl_drawer/episode_0006', 'bowl_drawer/episode_0007', 'bowl_drawer/episode_0008', 'bowl_drawer/episode_0009', 'bowl_drawer/episode_0012', 'bowl_drawer/episode_0014', 'bowl_drawer/episode_0016', 'bowl_drawer/episode_0017', 'bowl_drawer/episode_0018', 'mug_microwave/episode_0001', 'mug_microwave/episode_0002', 'mug_microwave/episode_0003', 'mug_microwave/episode_0006', 'mug_microwave/episode_0007', 'mug_microwave/episode_0009', 'mug_microwave/episode_0011', 'mug_microwave/episode_0013', 'mug_microwave/episode_0014', 'mug_microwave/episode_0016', 'mug_microwave/episode_0017', 'mug_microwave/episode_0018', 'stove_moka/episode_0002', 'stove_moka/episode_0003', 'stove_moka/episode_0004', 'stove_moka/episode_0006', 'stove_moka/episode_0007', 'stove_moka/episode_0008', 'stove_moka/episode_0009', 'stove_moka/episode_0010', 'stove_moka/episode_0011', 'stove_moka/episode_0013', 'stove_moka/episode_0014', 'stove_moka/episode_0019']","['bowl_drawer/episode_0000', 'bowl_drawer/episode_0001', 'bowl_drawer/episode_0013', 'bowl_drawer/episode_0015', 'mug_microwave/episode_0000', 'mug_microwave/episode_0008', 'mug_microwave/episode_0015', 'mug_microwave/episode_0019', 'stove_moka/episode_0000', 'stove_moka/episode_0005', 'stove_moka/episode_0015', 'stove_moka/episode_0016']","['bowl_drawer/episode_0002', 'bowl_drawer/episode_0010', 'bowl_drawer/episode_0011', 'bowl_drawer/episode_0019', 'mug_microwave/episode_0004', 'mug_microwave/episode_0005', 'mug_microwave/episode_0010', 'mug_microwave/episode_0012', 'stove_moka/episode_0001', 'stove_moka/episode_0012', 'stove_moka/episode_0017', 'stove_moka/episode_0018']",strict_streaming_first_rising_event,False,boundary_f1_at_5_then_10_then_stage_then_fp_then_loss,0.9824451134813734,0.9823187895847995,0.9757281553398058,0.9901477832512315,0.9896373056994818,0.9744897959183674,7.5,0.5833333333333334,1.0,nan,0,0.4166666666666667,5,7,7,0.9166666666666666,11,1,1,reports/transformer_streaming_native_seed17_v1/checkpoints/R1_action_chunk__native__seed_17.pt,reports/transformer_streaming_native_seed17_v1/histories/R1_action_chunk__native__seed_17.json
R1_action_chunk,native,29,112,112,16,16,3,0.3956952436339288,0.95,0.08695652173913043,1089795,3.551842771543079,"['bowl_drawer/episode_0000', 'bowl_drawer/episode_0001', 'bowl_drawer/episode_0003', 'bowl_drawer/episode_0004', 'bowl_drawer/episode_0005', 'bowl_drawer/episode_0007', 'bowl_drawer/episode_0008', 'bowl_drawer/episode_0011', 'bowl_drawer/episode_0013', 'bowl_drawer/episode_0014', 'bowl_drawer/episode_0015', 'bowl_drawer/episode_0016', 'mug_microwave/episode_0000', 'mug_microwave/episode_0002', 'mug_microwave/episode_0004', 'mug_microwave/episode_0008', 'mug_microwave/episode_0009', 'mug_microwave/episode_0012', 'mug_microwave/episode_0013', 'mug_microwave/episode_0014', 'mug_microwave/episode_0015', 'mug_microwave/episode_0016', 'mug_microwave/episode_0017', 'mug_microwave/episode_0019', 'stove_moka/episode_0000', 'stove_moka/episode_0002', 'stove_moka/episode_0003', 'stove_moka/episode_0006', 'stove_moka/episode_0007', 'stove_moka/episode_0008', 'stove_moka/episode_0009', 'stove_moka/episode_0011', 'stove_moka/episode_0013', 'stove_moka/episode_0017', 'stove_moka/episode_0018', 'stove_moka/episode_0019']","['bowl_drawer/episode_0002', 'bowl_drawer/episode_0006', 'bowl_drawer/episode_0010', 'bowl_drawer/episode_0012', 'mug_microwave/episode_0001', 'mug_microwave/episode_0005', 'mug_microwave/episode_0006', 'mug_microwave/episode_0018', 'stove_moka/episode_0001', 'stove_moka/episode_0005', 'stove_moka/episode_0015', 'stove_moka/episode_0016']","['bowl_drawer/episode_0009', 'bowl_drawer/episode_0017', 'bowl_drawer/episode_0018', 'bowl_drawer/episode_0019', 'mug_microwave/episode_0003', 'mug_microwave/episode_0007', 'mug_microwave/episode_0010', 'mug_microwave/episode_0011', 'stove_moka/episode_0004', 'stove_moka/episode_0010', 'stove_moka/episode_0012', 'stove_moka/episode_0014']",strict_streaming_first_rising_event,False,boundary_f1_at_5_then_10_then_stage_then_fp_then_loss,0.8404905695438074,0.8580961615239834,0.9753694581280788,0.7415730337078652,0.735632183908046,0.9746192893401016,15.0,1.0,1.0,1.0,1,0.0,0,12,11,0.08695652173913043,1,11,10,reports/transformer_streaming_native_seed17_v1/checkpoints/R1_action_chunk__native__seed_29.pt,reports/transformer_streaming_native_seed17_v1/histories/R1_action_chunk__native__seed_29.json
R1_action_chunk,native,41,112,112,16,16,2,0.2607940469325022,0.95,0.4166666666666667,1089795,3.622752233334015,"['bowl_drawer/episode_0000', 'bowl_drawer/episode_0001', 'bowl_drawer/episode_0002', 'bowl_drawer/episode_0005', 'bowl_drawer/episode_0008', 'bowl_drawer/episode_0009', 'bowl_drawer/episode_0011', 'bowl_drawer/episode_0012', 'bowl_drawer/episode_0015', 'bowl_drawer/episode_0016', 'bowl_drawer/episode_0017', 'bowl_drawer/episode_0019', 'mug_microwave/episode_0001', 'mug_microwave/episode_0003', 'mug_microwave/episode_0004', 'mug_microwave/episode_0006', 'mug_microwave/episode_0007', 'mug_microwave/episode_0008', 'mug_microwave/episode_0009', 'mug_microwave/episode_0012', 'mug_microwave/episode_0014', 'mug_microwave/episode_0015', 'mug_microwave/episode_0017', 'mug_microwave/episode_0019', 'stove_moka/episode_0002', 'stove_moka/episode_0004', 'stove_moka/episode_0005', 'stove_moka/episode_0008', 'stove_moka/episode_0009', 'stove_moka/episode_0011', 'stove_moka/episode_0013', 'stove_moka/episode_0015', 'stove_moka/episode_0016', 'stove_moka/episode_0017', 'stove_moka/episode_0018', 'stove_moka/episode_0019']","['bowl_drawer/episode_0003', 'bowl_drawer/episode_0004', 'bowl_drawer/episode_0010', 'bowl_drawer/episode_0018', 'mug_microwave/episode_0005', 'mug_microwave/episode_0010', 'mug_microwave/episode_0013', 'mug_microwave/episode_0018', 'stove_moka/episode_0001', 'stove_moka/episode_0003', 'stove_moka/episode_0006', 'stove_moka/episode_0010']","['bowl_drawer/episode_0006', 'bowl_drawer/episode_0007', 'bowl_drawer/episode_0013', 'bowl_drawer/episode_0014', 'mug_microwave/episode_0000', 'mug_microwave/episode_0002', 'mug_microwave/episode_0011', 'mug_microwave/episode_0016', 'stove_moka/episode_0000', 'stove_moka/episode_0007', 'stove_moka/episode_0012', 'stove_moka/episode_0014']",strict_streaming_first_rising_event,False,boundary_f1_at_5_then_10_then_stage_then_fp_then_loss,0.8436538346999146,0.8688148010181909,0.9856459330143541,0.7545787545787546,0.7219917012448133,0.9830508474576272,13.0,0.75,0.9166666666666666,0.0,1,0.18181818181818182,2,9,9,0.45454545454545453,5,6,6,reports/transformer_streaming_native_seed17_v1/checkpoints/R1_action_chunk__native__seed_41.pt,reports/transformer_streaming_native_seed17_v1/histories/R1_action_chunk__native__seed_41.json
R1_action_chunk,native,53,112,112,16,16,1,0.512036589587607,0.95,0.08333333333333333,1089795,3.397871165905532,"['bowl_drawer/episode_0000', 'bowl_drawer/episode_0002', 'bowl_drawer/episode_0003', 'bowl_drawer/episode_0004', 'bowl_drawer/episode_0006', 'bowl_drawer/episode_0007', 'bowl_drawer/episode_0009', 'bowl_drawer/episode_0010', 'bowl_drawer/episode_0012', 'bowl_drawer/episode_0015', 'bowl_drawer/episode_0016', 'bowl_drawer/episode_0019', 'mug_microwave/episode_0000', 'mug_microwave/episode_0001', 'mug_microwave/episode_0002', 'mug_microwave/episode_0003', 'mug_microwave/episode_0004', 'mug_microwave/episode_0005', 'mug_microwave/episode_0006', 'mug_microwave/episode_0010', 'mug_microwave/episode_0011', 'mug_microwave/episode_0013', 'mug_microwave/episode_0015', 'mug_microwave/episode_0016', 'stove_moka/episode_0001', 'stove_moka/episode_0004', 'stove_moka/episode_0005', 'stove_moka/episode_0006', 'stove_moka/episode_0007', 'stove_moka/episode_0010', 'stove_moka/episode_0013', 'stove_moka/episode_0014', 'stove_moka/episode_0015', 'stove_moka/episode_0017', 'stove_moka/episode_0018', 'stove_moka/episode_0019']","['bowl_drawer/episode_0001', 'bowl_drawer/episode_0005', 'bowl_drawer/episode_0013', 'bowl_drawer/episode_0014', 'mug_microwave/episode_0008', 'mug_microwave/episode_0012', 'mug_microwave/episode_0014', 'mug_microwave/episode_0017', 'stove_moka/episode_0002', 'stove_moka/episode_0011', 'stove_moka/episode_0012', 'stove_moka/episode_0016']","['bowl_drawer/episode_0008', 'bowl_drawer/episode_0011', 'bowl_drawer/episode_0017', 'bowl_drawer/episode_0018', 'mug_microwave/episode_0007', 'mug_microwave/episode_0009', 'mug_microwave/episode_0018', 'mug_microwave/episode_0019', 'stove_moka/episode_0000', 'stove_moka/episode_0003', 'stove_moka/episode_0008', 'stove_moka/episode_0009']",strict_streaming_first_rising_event,False,boundary_f1_at_5_then_10_then_stage_then_fp_then_loss,0.9469908181851976,0.9470046082949308,0.9619047619047619,0.9308755760368663,0.9330357142857143,0.9631336405529954,12.0,1.0833333333333333,1.1666666666666667,nan,0,0.07692307692307693,1,13,11,0.3076923076923077,4,10,8,reports/transformer_streaming_native_seed17_v1/checkpoints/R1_action_chunk__native__seed_53.pt,reports/transformer_streaming_native_seed17_v1/histories/R1_action_chunk__native__seed_53.json
R1_action_chunk,native,67,112,112,16,16,1,0.9210718876217612,0.95,0.08695652173913043,1089795,3.5375249863920253,"['bowl_drawer/episode_0002', 'bowl_drawer/episode_0003', 'bowl_drawer/episode_0004', 'bowl_drawer/episode_0005', 'bowl_drawer/episode_0006', 'bowl_drawer/episode_0007', 'bowl_drawer/episode_0010', 'bowl_drawer/episode_0012', 'bowl_drawer/episode_0013', 'bowl_drawer/episode_0015', 'bowl_drawer/episode_0018', 'bowl_drawer/episode_0019', 'mug_microwave/episode_0000', 'mug_microwave/episode_0003', 'mug_microwave/episode_0004', 'mug_microwave/episode_0006', 'mug_microwave/episode_0009', 'mug_microwave/episode_0010', 'mug_microwave/episode_0012', 'mug_microwave/episode_0014', 'mug_microwave/episode_0016', 'mug_microwave/episode_0017', 'mug_microwave/episode_0018', 'mug_microwave/episode_0019', 'stove_moka/episode_0000', 'stove_moka/episode_0004', 'stove_moka/episode_0005', 'stove_moka/episode_0007', 'stove_moka/episode_0008', 'stove_moka/episode_0009', 'stove_moka/episode_0010', 'stove_moka/episode_0011', 'stove_moka/episode_0013', 'stove_moka/episode_0015', 'stove_moka/episode_0018', 'stove_moka/episode_0019']","['bowl_drawer/episode_0000', 'bowl_drawer/episode_0001', 'bowl_drawer/episode_0009', 'bowl_drawer/episode_0014', 'mug_microwave/episode_0002', 'mug_microwave/episode_0005', 'mug_microwave/episode_0011', 'mug_microwave/episode_0015', 'stove_moka/episode_0003', 'stove_moka/episode_0006', 'stove_moka/episode_0014', 'stove_moka/episode_0017']","['bowl_drawer/episode_0008', 'bowl_drawer/episode_0011', 'bowl_drawer/episode_0016', 'bowl_drawer/episode_0017', 'mug_microwave/episode_0001', 'mug_microwave/episode_0007', 'mug_microwave/episode_0008', 'mug_microwave/episode_0013', 'stove_moka/episode_0001', 'stove_moka/episode_0002', 'stove_moka/episode_0012', 'stove_moka/episode_0016']",strict_streaming_first_rising_event,False,boundary_f1_at_5_then_10_then_stage_then_fp_then_loss,0.9818009243974909,0.9820698625046451,0.9760765550239234,0.9855072463768116,0.9870689655172413,0.9786324786324786,16.0,1.1666666666666667,1.1666666666666667,nan,0,0.0,0,14,12,0.07692307692307693,1,13,11,reports/transformer_streaming_native_seed17_v1/checkpoints/R1_action_chunk__native__seed_67.pt,reports/transformer_streaming_native_seed17_v1/histories/R1_action_chunk__native__seed_67.json
R1_action_chunk,common_256,17,112,256,16,16,4,1.1650093320104016,0.65,0.25,1126659,3.9322771052807037,"['bowl_drawer/episode_0003', 'bowl_drawer/episode_0004', 'bowl_drawer/episode_0005', 'bowl_drawer/episode_0006', 'bowl_drawer/episode_0007', 'bowl_drawer/episode_0008', 'bowl_drawer/episode_0009', 'bowl_drawer/episode_0012', 'bowl_drawer/episode_0014', 'bowl_drawer/episode_0016', 'bowl_drawer/episode_0017', 'bowl_drawer/episode_0018', 'mug_microwave/episode_0001', 'mug_microwave/episode_0002', 'mug_microwave/episode_0003', 'mug_microwave/episode_0006', 'mug_microwave/episode_0007', 'mug_microwave/episode_0009', 'mug_microwave/episode_0011', 'mug_microwave/episode_0013', 'mug_microwave/episode_0014', 'mug_microwave/episode_0016', 'mug_microwave/episode_0017', 'mug_microwave/episode_0018', 'stove_moka/episode_0002', 'stove_moka/episode_0003', 'stove_moka/episode_0004', 'stove_moka/episode_0006', 'stove_moka/episode_0007', 'stove_moka/episode_0008', 'stove_moka/episode_0009', 'stove_moka/episode_0010', 'stove_moka/episode_0011', 'stove_moka/episode_0013', 'stove_moka/episode_0014', 'stove_moka/episode_0019']","['bowl_drawer/episode_0000', 'bowl_drawer/episode_0001', 'bowl_drawer/episode_0013', 'bowl_drawer/episode_0015', 'mug_microwave/episode_0000', 'mug_microwave/episode_0008', 'mug_microwave/episode_0015', 'mug_microwave/episode_0019', 'stove_moka/episode_0000', 'stove_moka/episode_0005', 'stove_moka/episode_0015', 'stove_moka/episode_0016']","['bowl_drawer/episode_0002', 'bowl_drawer/episode_0010', 'bowl_drawer/episode_0011', 'bowl_drawer/episode_0019', 'mug_microwave/episode_0004', 'mug_microwave/episode_0005', 'mug_microwave/episode_0010', 'mug_microwave/episode_0012', 'stove_moka/episode_0001', 'stove_moka/episode_0012', 'stove_moka/episode_0017', 'stove_moka/episode_0018']",strict_streaming_first_rising_event,False,boundary_f1_at_5_then_10_then_stage_then_fp_then_loss,0.9899698340874812,0.9898838845883181,0.9853658536585366,0.9950738916256158,0.9948453608247423,0.9846938775510204,8.5,0.75,1.0,nan,0,0.25,3,9,9,0.6666666666666666,8,4,4,reports/transformer_streaming_native_seed17_v1/checkpoints/R1_action_chunk__common_256__seed_17.pt,reports/transformer_streaming_native_seed17_v1/histories/R1_action_chunk__common_256__seed_17.json
R1_action_chunk,common_256,29,112,256,16,16,3,0.31389670017219723,0.95,0.09090909090909091,1126659,3.650718267234142,"['bowl_drawer/episode_0000', 'bowl_drawer/episode_0001', 'bowl_drawer/episode_0003', 'bowl_drawer/episode_0004', 'bowl_drawer/episode_0005', 'bowl_drawer/episode_0007', 'bowl_drawer/episode_0008', 'bowl_drawer/episode_0011', 'bowl_drawer/episode_0013', 'bowl_drawer/episode_0014', 'bowl_drawer/episode_0015', 'bowl_drawer/episode_0016', 'mug_microwave/episode_0000', 'mug_microwave/episode_0002', 'mug_microwave/episode_0004', 'mug_microwave/episode_0008', 'mug_microwave/episode_0009', 'mug_microwave/episode_0012', 'mug_microwave/episode_0013', 'mug_microwave/episode_0014', 'mug_microwave/episode_0015', 'mug_microwave/episode_0016', 'mug_microwave/episode_0017', 'mug_microwave/episode_0019', 'stove_moka/episode_0000', 'stove_moka/episode_0002', 'stove_moka/episode_0003', 'stove_moka/episode_0006', 'stove_moka/episode_0007', 'stove_moka/episode_0008', 'stove_moka/episode_0009', 'stove_moka/episode_0011', 'stove_moka/episode_0013', 'stove_moka/episode_0017', 'stove_moka/episode_0018', 'stove_moka/episode_0019']","['bowl_drawer/episode_0002', 'bowl_drawer/episode_0006', 'bowl_drawer/episode_0010', 'bowl_drawer/episode_0012', 'mug_microwave/episode_0001', 'mug_microwave/episode_0005', 'mug_microwave/episode_0006', 'mug_microwave/episode_0018', 'stove_moka/episode_0001', 'stove_moka/episode_0005', 'stove_moka/episode_0015', 'stove_moka/episode_0016']","['bowl_drawer/episode_0009', 'bowl_drawer/episode_0017', 'bowl_drawer/episode_0018', 'bowl_drawer/episode_0019', 'mug_microwave/episode_0003', 'mug_microwave/episode_0007', 'mug_microwave/episode_0010', 'mug_microwave/episode_0011', 'stove_moka/episode_0004', 'stove_moka/episode_0010', 'stove_moka/episode_0012', 'stove_moka/episode_0014']",strict_streaming_first_rising_event,False,boundary_f1_at_5_then_10_then_stage_then_fp_then_loss,0.8512924127360133,0.8707865168539326,1.0,0.7415730337078652,0.7406015037593985,1.0,15.0,0.8333333333333334,1.0,0.0,1,0.17391304347826086,2,10,9,0.17391304347826086,2,10,9,reports/transformer_streaming_native_seed17_v1/checkpoints/R1_action_chunk__common_256__seed_29.pt,reports/transformer_streaming_native_seed17_v1/histories/R1_action_chunk__common_256__seed_29.json
R1_action_chunk,common_256,41,112,256,16,16,1,0.3019707361664668,0.95,0.3333333333333333,1126659,3.818026591118016,"['bowl_drawer/episode_0000', 'bowl_drawer/episode_0001', 'bowl_drawer/episode_0002', 'bowl_drawer/episode_0005', 'bowl_drawer/episode_0008', 'bowl_drawer/episode_0009', 'bowl_drawer/episode_0011', 'bowl_drawer/episode_0012', 'bowl_drawer/episode_0015', 'bowl_drawer/episode_0016', 'bowl_drawer/episode_0017', 'bowl_drawer/episode_0019', 'mug_microwave/episode_0001', 'mug_microwave/episode_0003', 'mug_microwave/episode_0004', 'mug_microwave/episode_0006', 'mug_microwave/episode_0007', 'mug_microwave/episode_0008', 'mug_microwave/episode_0009', 'mug_microwave/episode_0012', 'mug_microwave/episode_0014', 'mug_microwave/episode_0015', 'mug_microwave/episode_0017', 'mug_microwave/episode_0019', 'stove_moka/episode_0002', 'stove_moka/episode_0004', 'stove_moka/episode_0005', 'stove_moka/episode_0008', 'stove_moka/episode_0009', 'stove_moka/episode_0011', 'stove_moka/episode_0013', 'stove_moka/episode_0015', 'stove_moka/episode_0016', 'stove_moka/episode_0017', 'stove_moka/episode_0018', 'stove_moka/episode_0019']","['bowl_drawer/episode_0003', 'bowl_drawer/episode_0004', 'bowl_drawer/episode_0010', 'bowl_drawer/episode_0018', 'mug_microwave/episode_0005', 'mug_microwave/episode_0010', 'mug_microwave/episode_0013', 'mug_microwave/episode_0018', 'stove_moka/episode_0001', 'stove_moka/episode_0003', 'stove_moka/episode_0006', 'stove_moka/episode_0010']","['bowl_drawer/episode_0006', 'bowl_drawer/episode_0007', 'bowl_drawer/episode_0013', 'bowl_drawer/episode_0014', 'mug_microwave/episode_0000', 'mug_microwave/episode_0002', 'mug_microwave/episode_0011', 'mug_microwave/episode_0016', 'stove_moka/episode_0000', 'stove_moka/episode_0007', 'stove_moka/episode_0012', 'stove_moka/episode_0014']",strict_streaming_first_rising_event,False,boundary_f1_at_5_then_10_then_stage_then_fp_then_loss,0.8434424762927178,0.8668280871670702,0.9765258215962441,0.7619047619047619,0.7257383966244726,0.9717514124293786,10.0,0.75,1.0,0.0,1,0.2608695652173913,3,9,8,0.5217391304347826,6,6,5,reports/transformer_streaming_native_seed17_v1/checkpoints/R1_action_chunk__common_256__seed_41.pt,reports/transformer_streaming_native_seed17_v1/histories/R1_action_chunk__common_256__seed_41.json
R1_action_chunk,common_256,53,112,256,16,16,1,0.46581771068456695,0.95,0.25,1126659,3.6911240668187983,"['bowl_drawer/episode_0000', 'bowl_drawer/episode_0002', 'bowl_drawer/episode_0003', 'bowl_drawer/episode_0004', 'bowl_drawer/episode_0006', 'bowl_drawer/episode_0007', 'bowl_drawer/episode_0009', 'bowl_drawer/episode_0010', 'bowl_drawer/episode_0012', 'bowl_drawer/episode_0015', 'bowl_drawer/episode_0016', 'bowl_drawer/episode_0019', 'mug_microwave/episode_0000', 'mug_microwave/episode_0001', 'mug_microwave/episode_0002', 'mug_microwave/episode_0003', 'mug_microwave/episode_0004', 'mug_microwave/episode_0005', 'mug_microwave/episode_0006', 'mug_microwave/episode_0010', 'mug_microwave/episode_0011', 'mug_microwave/episode_0013', 'mug_microwave/episode_0015', 'mug_microwave/episode_0016', 'stove_moka/episode_0001', 'stove_moka/episode_0004', 'stove_moka/episode_0005', 'stove_moka/episode_0006', 'stove_moka/episode_0007', 'stove_moka/episode_0010', 'stove_moka/episode_0013', 'stove_moka/episode_0014', 'stove_moka/episode_0015', 'stove_moka/episode_0017', 'stove_moka/episode_0018', 'stove_moka/episode_0019']","['bowl_drawer/episode_0001', 'bowl_drawer/episode_0005', 'bowl_drawer/episode_0013', 'bowl_drawer/episode_0014', 'mug_microwave/episode_0008', 'mug_microwave/episode_0012', 'mug_microwave/episode_0014', 'mug_microwave/episode_0017', 'stove_moka/episode_0002', 'stove_moka/episode_0011', 'stove_moka/episode_0012', 'stove_moka/episode_0016']","['bowl_drawer/episode_0008', 'bowl_drawer/episode_0011', 'bowl_drawer/episode_0017', 'bowl_drawer/episode_0018', 'mug_microwave/episode_0007', 'mug_microwave/episode_0009', 'mug_microwave/episode_0018', 'mug_microwave/episode_0019', 'stove_moka/episode_0000', 'stove_moka/episode_0003', 'stove_moka/episode_0008', 'stove_moka/episode_0009']",strict_streaming_first_rising_event,False,boundary_f1_at_5_then_10_then_stage_then_fp_then_loss,0.9400870765636614,0.9400921658986174,0.9321266968325792,0.9493087557603687,0.9483568075117371,0.9308755760368663,9.0,0.8333333333333334,1.0833333333333333,nan,0,0.24,3,10,9,0.48,6,7,6,reports/transformer_streaming_native_seed17_v1/checkpoints/R1_action_chunk__common_256__seed_53.pt,reports/transformer_streaming_native_seed17_v1/histories/R1_action_chunk__common_256__seed_53.json
R1_action_chunk,common_256,67,112,256,16,16,1,0.7848288574283333,0.95,0.2727272727272727,1126659,3.7314143673598528,"['bowl_drawer/episode_0002', 'bowl_drawer/episode_0003', 'bowl_drawer/episode_0004', 'bowl_drawer/episode_0005', 'bowl_drawer/episode_0006', 'bowl_drawer/episode_0007', 'bowl_drawer/episode_0010', 'bowl_drawer/episode_0012', 'bowl_drawer/episode_0013', 'bowl_drawer/episode_0015', 'bowl_drawer/episode_0018', 'bowl_drawer/episode_0019', 'mug_microwave/episode_0000', 'mug_microwave/episode_0003', 'mug_microwave/episode_0004', 'mug_microwave/episode_0006', 'mug_microwave/episode_0009', 'mug_microwave/episode_0010', 'mug_microwave/episode_0012', 'mug_microwave/episode_0014', 'mug_microwave/episode_0016', 'mug_microwave/episode_0017', 'mug_microwave/episode_0018', 'mug_microwave/episode_0019', 'stove_moka/episode_0000', 'stove_moka/episode_0004', 'stove_moka/episode_0005', 'stove_moka/episode_0007', 'stove_moka/episode_0008', 'stove_moka/episode_0009', 'stove_moka/episode_0010', 'stove_moka/episode_0011', 'stove_moka/episode_0013', 'stove_moka/episode_0015', 'stove_moka/episode_0018', 'stove_moka/episode_0019']","['bowl_drawer/episode_0000', 'bowl_drawer/episode_0001', 'bowl_drawer/episode_0009', 'bowl_drawer/episode_0014', 'mug_microwave/episode_0002', 'mug_microwave/episode_0005', 'mug_microwave/episode_0011', 'mug_microwave/episode_0015', 'stove_moka/episode_0003', 'stove_moka/episode_0006', 'stove_moka/episode_0014', 'stove_moka/episode_0017']","['bowl_drawer/episode_0008', 'bowl_drawer/episode_0011', 'bowl_drawer/episode_0016', 'bowl_drawer/episode_0017', 'mug_microwave/episode_0001', 'mug_microwave/episode_0007', 'mug_microwave/episode_0008', 'mug_microwave/episode_0013', 'stove_moka/episode_0001', 'stove_moka/episode_0002', 'stove_moka/episode_0012', 'stove_moka/episode_0016']",strict_streaming_first_rising_event,False,boundary_f1_at_5_then_10_then_stage_then_fp_then_loss,0.9727148985315954,0.9732441471571907,0.9620853080568721,0.9806763285024155,0.9826086956521739,0.9658119658119658,11.5,1.0,1.0833333333333333,nan,0,0.08,1,12,11,0.32,4,9,8,reports/transformer_streaming_native_seed17_v1/checkpoints/R1_action_chunk__common_256__seed_67.pt,reports/transformer_streaming_native_seed17_v1/histories/R1_action_chunk__common_256__seed_67.json
R2_state_encoder,native,17,1536,1536,16,16,1,0.7304993025184452,0.85,0.34782608695652173,1454339,11.533719466164152,"['bowl_drawer/episode_0003', 'bowl_drawer/episode_0004', 'bowl_drawer/episode_0005', 'bowl_drawer/episode_0006', 'bowl_drawer/episode_0007', 'bowl_drawer/episode_0008', 'bowl_drawer/episode_0009', 'bowl_drawer/episode_0012', 'bowl_drawer/episode_0014', 'bowl_drawer/episode_0016', 'bowl_drawer/episode_0017', 'bowl_drawer/episode_0018', 'mug_microwave/episode_0001', 'mug_microwave/episode_0002', 'mug_microwave/episode_0003', 'mug_microwave/episode_0006', 'mug_microwave/episode_0007', 'mug_microwave/episode_0009', 'mug_microwave/episode_0011', 'mug_microwave/episode_0013', 'mug_microwave/episode_0014', 'mug_microwave/episode_0016', 'mug_microwave/episode_0017', 'mug_microwave/episode_0018', 'stove_moka/episode_0002', 'stove_moka/episode_0003', 'stove_moka/episode_0004', 'stove_moka/episode_0006', 'stove_moka/episode_0007', 'stove_moka/episode_0008', 'stove_moka/episode_0009', 'stove_moka/episode_0010', 'stove_moka/episode_0011', 'stove_moka/episode_0013', 'stove_moka/episode_0014', 'stove_moka/episode_0019']","['bowl_drawer/episode_0000', 'bowl_drawer/episode_0001', 'bowl_drawer/episode_0013', 'bowl_drawer/episode_0015', 'mug_microwave/episode_0000', 'mug_microwave/episode_0008', 'mug_microwave/episode_0015', 'mug_microwave/episode_0019', 'stove_moka/episode_0000', 'stove_moka/episode_0005', 'stove_moka/episode_0015', 'stove_moka/episode_0016']","['bowl_drawer/episode_0002', 'bowl_drawer/episode_0010', 'bowl_drawer/episode_0011', 'bowl_drawer/episode_0019', 'mug_microwave/episode_0004', 'mug_microwave/episode_0005', 'mug_microwave/episode_0010', 'mug_microwave/episode_0012', 'stove_moka/episode_0001', 'stove_moka/episode_0012', 'stove_moka/episode_0017', 'stove_moka/episode_0018']",strict_streaming_first_rising_event,False,boundary_f1_at_5_then_10_then_stage_then_fp_then_loss,0.982440257266263,0.9822308233638283,0.9711538461538461,0.9950738916256158,0.9947643979057592,0.9693877551020408,5.5,0.6666666666666666,1.1666666666666667,nan,0,0.46153846153846156,6,8,6,0.7692307692307693,10,4,2,reports/transformer_streaming_native_seed17_v1/checkpoints/R2_state_encoder__native__seed_17.pt,reports/transformer_streaming_native_seed17_v1/histories/R2_state_encoder__native__seed_17.json
R2_state_encoder,native,29,1536,1536,16,16,10,0.22414602786302568,0.95,0.08695652173913043,1454339,3.751337575430359,"['bowl_drawer/episode_0000', 'bowl_drawer/episode_0001', 'bowl_drawer/episode_0003', 'bowl_drawer/episode_0004', 'bowl_drawer/episode_0005', 'bowl_drawer/episode_0007', 'bowl_drawer/episode_0008', 'bowl_drawer/episode_0011', 'bowl_drawer/episode_0013', 'bowl_drawer/episode_0014', 'bowl_drawer/episode_0015', 'bowl_drawer/episode_0016', 'mug_microwave/episode_0000', 'mug_microwave/episode_0002', 'mug_microwave/episode_0004', 'mug_microwave/episode_0008', 'mug_microwave/episode_0009', 'mug_microwave/episode_0012', 'mug_microwave/episode_0013', 'mug_microwave/episode_0014', 'mug_microwave/episode_0015', 'mug_microwave/episode_0016', 'mug_microwave/episode_0017', 'mug_microwave/episode_0019', 'stove_moka/episode_0000', 'stove_moka/episode_0002', 'stove_moka/episode_0003', 'stove_moka/episode_0006', 'stove_moka/episode_0007', 'stove_moka/episode_0008', 'stove_moka/episode_0009', 'stove_moka/episode_0011', 'stove_moka/episode_0013', 'stove_moka/episode_0017', 'stove_moka/episode_0018', 'stove_moka/episode_0019']","['bowl_drawer/episode_0002', 'bowl_drawer/episode_0006', 'bowl_drawer/episode_0010', 'bowl_drawer/episode_0012', 'mug_microwave/episode_0001', 'mug_microwave/episode_0005', 'mug_microwave/episode_0006', 'mug_microwave/episode_0018', 'stove_moka/episode_0001', 'stove_moka/episode_0005', 'stove_moka/episode_0015', 'stove_moka/episode_0016']","['bowl_drawer/episode_0009', 'bowl_drawer/episode_0017', 'bowl_drawer/episode_0018', 'bowl_drawer/episode_0019', 'mug_microwave/episode_0003', 'mug_microwave/episode_0007', 'mug_microwave/episode_0010', 'mug_microwave/episode_0011', 'stove_moka/episode_0004', 'stove_moka/episode_0010', 'stove_moka/episode_0012', 'stove_moka/episode_0014']",strict_streaming_first_rising_event,False,boundary_f1_at_5_then_10_then_stage_then_fp_then_loss,0.8706295656053087,0.8876404494382022,1.0,0.7752808988764045,0.7665369649805448,1.0,8.0,1.0833333333333333,1.1666666666666667,1.0,1,0.08,1,13,10,0.56,7,7,4,reports/transformer_streaming_native_seed17_v1/checkpoints/R2_state_encoder__native__seed_29.pt,reports/transformer_streaming_native_seed17_v1/histories/R2_state_encoder__native__seed_29.json
R2_state_encoder,native,41,1536,1536,16,16,2,0.22862556165413475,0.95,0.25,1454339,3.6905982400013375,"['bowl_drawer/episode_0000', 'bowl_drawer/episode_0001', 'bowl_drawer/episode_0002', 'bowl_drawer/episode_0005', 'bowl_drawer/episode_0008', 'bowl_drawer/episode_0009', 'bowl_drawer/episode_0011', 'bowl_drawer/episode_0012', 'bowl_drawer/episode_0015', 'bowl_drawer/episode_0016', 'bowl_drawer/episode_0017', 'bowl_drawer/episode_0019', 'mug_microwave/episode_0001', 'mug_microwave/episode_0003', 'mug_microwave/episode_0004', 'mug_microwave/episode_0006', 'mug_microwave/episode_0007', 'mug_microwave/episode_0008', 'mug_microwave/episode_0009', 'mug_microwave/episode_0012', 'mug_microwave/episode_0014', 'mug_microwave/episode_0015', 'mug_microwave/episode_0017', 'mug_microwave/episode_0019', 'stove_moka/episode_0002', 'stove_moka/episode_0004', 'stove_moka/episode_0005', 'stove_moka/episode_0008', 'stove_moka/episode_0009', 'stove_moka/episode_0011', 'stove_moka/episode_0013', 'stove_moka/episode_0015', 'stove_moka/episode_0016', 'stove_moka/episode_0017', 'stove_moka/episode_0018', 'stove_moka/episode_0019']","['bowl_drawer/episode_0003', 'bowl_drawer/episode_0004', 'bowl_drawer/episode_0010', 'bowl_drawer/episode_0018', 'mug_microwave/episode_0005', 'mug_microwave/episode_0010', 'mug_microwave/episode_0013', 'mug_microwave/episode_0018', 'stove_moka/episode_0001', 'stove_moka/episode_0003', 'stove_moka/episode_0006', 'stove_moka/episode_0010']","['bowl_drawer/episode_0006', 'bowl_drawer/episode_0007', 'bowl_drawer/episode_0013', 'bowl_drawer/episode_0014', 'mug_microwave/episode_0000', 'mug_microwave/episode_0002', 'mug_microwave/episode_0011', 'mug_microwave/episode_0016', 'stove_moka/episode_0000', 'stove_moka/episode_0007', 'stove_moka/episode_0012', 'stove_moka/episode_0014']",strict_streaming_first_rising_event,False,boundary_f1_at_5_then_10_then_stage_then_fp_then_loss,0.8540965207631874,0.8739988824734588,0.9684684684684685,0.7875457875457875,0.7456140350877193,0.96045197740113,10.0,0.5833333333333334,0.9166666666666666,0.0,1,0.36363636363636365,4,7,7,0.6363636363636364,7,4,4,reports/transformer_streaming_native_seed17_v1/checkpoints/R2_state_encoder__native__seed_41.pt,reports/transformer_streaming_native_seed17_v1/histories/R2_state_encoder__native__seed_41.json
R2_state_encoder,native,53,1536,1536,16,16,6,0.32394211226847114,0.95,0.17391304347826086,1454339,3.745590239637029,"['bowl_drawer/episode_0000', 'bowl_drawer/episode_0002', 'bowl_drawer/episode_0003', 'bowl_drawer/episode_0004', 'bowl_drawer/episode_0006', 'bowl_drawer/episode_0007', 'bowl_drawer/episode_0009', 'bowl_drawer/episode_0010', 'bowl_drawer/episode_0012', 'bowl_drawer/episode_0015', 'bowl_drawer/episode_0016', 'bowl_drawer/episode_0019', 'mug_microwave/episode_0000', 'mug_microwave/episode_0001', 'mug_microwave/episode_0002', 'mug_microwave/episode_0003', 'mug_microwave/episode_0004', 'mug_microwave/episode_0005', 'mug_microwave/episode_0006', 'mug_microwave/episode_0010', 'mug_microwave/episode_0011', 'mug_microwave/episode_0013', 'mug_microwave/episode_0015', 'mug_microwave/episode_0016', 'stove_moka/episode_0001', 'stove_moka/episode_0004', 'stove_moka/episode_0005', 'stove_moka/episode_0006', 'stove_moka/episode_0007', 'stove_moka/episode_0010', 'stove_moka/episode_0013', 'stove_moka/episode_0014', 'stove_moka/episode_0015', 'stove_moka/episode_0017', 'stove_moka/episode_0018', 'stove_moka/episode_0019']","['bowl_drawer/episode_0001', 'bowl_drawer/episode_0005', 'bowl_drawer/episode_0013', 'bowl_drawer/episode_0014', 'mug_microwave/episode_0008', 'mug_microwave/episode_0012', 'mug_microwave/episode_0014', 'mug_microwave/episode_0017', 'stove_moka/episode_0002', 'stove_moka/episode_0011', 'stove_moka/episode_0012', 'stove_moka/episode_0016']","['bowl_drawer/episode_0008', 'bowl_drawer/episode_0011', 'bowl_drawer/episode_0017', 'bowl_drawer/episode_0018', 'mug_microwave/episode_0007', 'mug_microwave/episode_0009', 'mug_microwave/episode_0018', 'mug_microwave/episode_0019', 'stove_moka/episode_0000', 'stove_moka/episode_0003', 'stove_moka/episode_0008', 'stove_moka/episode_0009']",strict_streaming_first_rising_event,False,boundary_f1_at_5_then_10_then_stage_then_fp_then_loss,0.9653964524719478,0.9654377880184332,0.9353448275862069,1.0,1.0,0.9308755760368663,11.0,0.75,0.9166666666666666,nan,0,0.17391304347826086,2,9,10,0.43478260869565216,5,6,7,reports/transformer_streaming_native_seed17_v1/checkpoints/R2_state_encoder__native__seed_53.pt,reports/transformer_streaming_native_seed17_v1/histories/R2_state_encoder__native__seed_53.json
R2_state_encoder,native,67,1536,1536,16,16,1,1.2586822193914826,0.95,0.45454545454545453,1454339,3.6712701111192345,"['bowl_drawer/episode_0002', 'bowl_drawer/episode_0003', 'bowl_drawer/episode_0004', 'bowl_drawer/episode_0005', 'bowl_drawer/episode_0006', 'bowl_drawer/episode_0007', 'bowl_drawer/episode_0010', 'bowl_drawer/episode_0012', 'bowl_drawer/episode_0013', 'bowl_drawer/episode_0015', 'bowl_drawer/episode_0018', 'bowl_drawer/episode_0019', 'mug_microwave/episode_0000', 'mug_microwave/episode_0003', 'mug_microwave/episode_0004', 'mug_microwave/episode_0006', 'mug_microwave/episode_0009', 'mug_microwave/episode_0010', 'mug_microwave/episode_0012', 'mug_microwave/episode_0014', 'mug_microwave/episode_0016', 'mug_microwave/episode_0017', 'mug_microwave/episode_0018', 'mug_microwave/episode_0019', 'stove_moka/episode_0000', 'stove_moka/episode_0004', 'stove_moka/episode_0005', 'stove_moka/episode_0007', 'stove_moka/episode_0008', 'stove_moka/episode_0009', 'stove_moka/episode_0010', 'stove_moka/episode_0011', 'stove_moka/episode_0013', 'stove_moka/episode_0015', 'stove_moka/episode_0018', 'stove_moka/episode_0019']","['bowl_drawer/episode_0000', 'bowl_drawer/episode_0001', 'bowl_drawer/episode_0009', 'bowl_drawer/episode_0014', 'mug_microwave/episode_0002', 'mug_microwave/episode_0005', 'mug_microwave/episode_0011', 'mug_microwave/episode_0015', 'stove_moka/episode_0003', 'stove_moka/episode_0006', 'stove_moka/episode_0014', 'stove_moka/episode_0017']","['bowl_drawer/episode_0008', 'bowl_drawer/episode_0011', 'bowl_drawer/episode_0016', 'bowl_drawer/episode_0017', 'mug_microwave/episode_0001', 'mug_microwave/episode_0007', 'mug_microwave/episode_0008', 'mug_microwave/episode_0013', 'stove_moka/episode_0001', 'stove_moka/episode_0002', 'stove_moka/episode_0012', 'stove_moka/episode_0016']",strict_streaming_first_rising_event,False,boundary_f1_at_5_then_10_then_stage_then_fp_then_loss,0.9704918032786884,0.9722222222222222,0.9409090909090909,1.0,1.0,0.9444444444444444,7.0,0.4166666666666667,0.75,nan,0,0.38095238095238093,4,5,8,0.5714285714285714,6,3,6,reports/transformer_streaming_native_seed17_v1/checkpoints/R2_state_encoder__native__seed_67.pt,reports/transformer_streaming_native_seed17_v1/histories/R2_state_encoder__native__seed_67.json
R2_state_encoder,common_256,17,1536,256,16,16,1,0.5389734857848713,0.95,0.34782608695652173,1126659,3.7918026566460736,"['bowl_drawer/episode_0003', 'bowl_drawer/episode_0004', 'bowl_drawer/episode_0005', 'bowl_drawer/episode_0006', 'bowl_drawer/episode_0007', 'bowl_drawer/episode_0008', 'bowl_drawer/episode_0009', 'bowl_drawer/episode_0012', 'bowl_drawer/episode_0014', 'bowl_drawer/episode_0016', 'bowl_drawer/episode_0017', 'bowl_drawer/episode_0018', 'mug_microwave/episode_0001', 'mug_microwave/episode_0002', 'mug_microwave/episode_0003', 'mug_microwave/episode_0006', 'mug_microwave/episode_0007', 'mug_microwave/episode_0009', 'mug_microwave/episode_0011', 'mug_microwave/episode_0013', 'mug_microwave/episode_0014', 'mug_microwave/episode_0016', 'mug_microwave/episode_0017', 'mug_microwave/episode_0018', 'stove_moka/episode_0002', 'stove_moka/episode_0003', 'stove_moka/episode_0004', 'stove_moka/episode_0006', 'stove_moka/episode_0007', 'stove_moka/episode_0008', 'stove_moka/episode_0009', 'stove_moka/episode_0010', 'stove_moka/episode_0011', 'stove_moka/episode_0013', 'stove_moka/episode_0014', 'stove_moka/episode_0019']","['bowl_drawer/episode_0000', 'bowl_drawer/episode_0001', 'bowl_drawer/episode_0013', 'bowl_drawer/episode_0015', 'mug_microwave/episode_0000', 'mug_microwave/episode_0008', 'mug_microwave/episode_0015', 'mug_microwave/episode_0019', 'stove_moka/episode_0000', 'stove_moka/episode_0005', 'stove_moka/episode_0015', 'stove_moka/episode_0016']","['bowl_drawer/episode_0002', 'bowl_drawer/episode_0010', 'bowl_drawer/episode_0011', 'bowl_drawer/episode_0019', 'mug_microwave/episode_0004', 'mug_microwave/episode_0005', 'mug_microwave/episode_0010', 'mug_microwave/episode_0012', 'stove_moka/episode_0001', 'stove_moka/episode_0012', 'stove_moka/episode_0017', 'stove_moka/episode_0018']",strict_streaming_first_rising_event,False,boundary_f1_at_5_then_10_then_stage_then_fp_then_loss,0.9849615558570782,0.9851337086558762,0.9949748743718593,0.9753694581280788,0.975,0.9948979591836735,10.0,0.75,0.8333333333333334,nan,0,0.09090909090909091,1,9,11,0.5454545454545454,6,4,6,reports/transformer_streaming_native_seed17_v1/checkpoints/R2_state_encoder__common_256__seed_17.pt,reports/transformer_streaming_native_seed17_v1/histories/R2_state_encoder__common_256__seed_17.json
R2_state_encoder,common_256,29,1536,256,16,16,1,0.3756849164054507,0.95,0.09090909090909091,1126659,3.6816816616455275,"['bowl_drawer/episode_0000', 'bowl_drawer/episode_0001', 'bowl_drawer/episode_0003', 'bowl_drawer/episode_0004', 'bowl_drawer/episode_0005', 'bowl_drawer/episode_0007', 'bowl_drawer/episode_0008', 'bowl_drawer/episode_0011', 'bowl_drawer/episode_0013', 'bowl_drawer/episode_0014', 'bowl_drawer/episode_0015', 'bowl_drawer/episode_0016', 'mug_microwave/episode_0000', 'mug_microwave/episode_0002', 'mug_microwave/episode_0004', 'mug_microwave/episode_0008', 'mug_microwave/episode_0009', 'mug_microwave/episode_0012', 'mug_microwave/episode_0013', 'mug_microwave/episode_0014', 'mug_microwave/episode_0015', 'mug_microwave/episode_0016', 'mug_microwave/episode_0017', 'mug_microwave/episode_0019', 'stove_moka/episode_0000', 'stove_moka/episode_0002', 'stove_moka/episode_0003', 'stove_moka/episode_0006', 'stove_moka/episode_0007', 'stove_moka/episode_0008', 'stove_moka/episode_0009', 'stove_moka/episode_0011', 'stove_moka/episode_0013', 'stove_moka/episode_0017', 'stove_moka/episode_0018', 'stove_moka/episode_0019']","['bowl_drawer/episode_0002', 'bowl_drawer/episode_0006', 'bowl_drawer/episode_0010', 'bowl_drawer/episode_0012', 'mug_microwave/episode_0001', 'mug_microwave/episode_0005', 'mug_microwave/episode_0006', 'mug_microwave/episode_0018', 'stove_moka/episode_0001', 'stove_moka/episode_0005', 'stove_moka/episode_0015', 'stove_moka/episode_0016']","['bowl_drawer/episode_0009', 'bowl_drawer/episode_0017', 'bowl_drawer/episode_0018', 'bowl_drawer/episode_0019', 'mug_microwave/episode_0003', 'mug_microwave/episode_0007', 'mug_microwave/episode_0010', 'mug_microwave/episode_0011', 'stove_moka/episode_0004', 'stove_moka/episode_0010', 'stove_moka/episode_0012', 'stove_moka/episode_0014']",strict_streaming_first_rising_event,False,boundary_f1_at_5_then_10_then_stage_then_fp_then_loss,0.8663395777579542,0.8838951310861423,1.0,0.7677902621722846,0.7606177606177607,1.0,7.5,0.5833333333333334,0.6666666666666666,0.0,1,0.10526315789473684,1,7,10,0.631578947368421,6,2,5,reports/transformer_streaming_native_seed17_v1/checkpoints/R2_state_encoder__common_256__seed_29.pt,reports/transformer_streaming_native_seed17_v1/histories/R2_state_encoder__common_256__seed_29.json
R2_state_encoder,common_256,41,1536,256,16,16,1,0.24378238701358546,0.95,0.16666666666666666,1126659,3.4396787511145197,"['bowl_drawer/episode_0000', 'bowl_drawer/episode_0001', 'bowl_drawer/episode_0002', 'bowl_drawer/episode_0005', 'bowl_drawer/episode_0008', 'bowl_drawer/episode_0009', 'bowl_drawer/episode_0011', 'bowl_drawer/episode_0012', 'bowl_drawer/episode_0015', 'bowl_drawer/episode_0016', 'bowl_drawer/episode_0017', 'bowl_drawer/episode_0019', 'mug_microwave/episode_0001', 'mug_microwave/episode_0003', 'mug_microwave/episode_0004', 'mug_microwave/episode_0006', 'mug_microwave/episode_0007', 'mug_microwave/episode_0008', 'mug_microwave/episode_0009', 'mug_microwave/episode_0012', 'mug_microwave/episode_0014', 'mug_microwave/episode_0015', 'mug_microwave/episode_0017', 'mug_microwave/episode_0019', 'stove_moka/episode_0002', 'stove_moka/episode_0004', 'stove_moka/episode_0005', 'stove_moka/episode_0008', 'stove_moka/episode_0009', 'stove_moka/episode_0011', 'stove_moka/episode_0013', 'stove_moka/episode_0015', 'stove_moka/episode_0016', 'stove_moka/episode_0017', 'stove_moka/episode_0018', 'stove_moka/episode_0019']","['bowl_drawer/episode_0003', 'bowl_drawer/episode_0004', 'bowl_drawer/episode_0010', 'bowl_drawer/episode_0018', 'mug_microwave/episode_0005', 'mug_microwave/episode_0010', 'mug_microwave/episode_0013', 'mug_microwave/episode_0018', 'stove_moka/episode_0001', 'stove_moka/episode_0003', 'stove_moka/episode_0006', 'stove_moka/episode_0010']","['bowl_drawer/episode_0006', 'bowl_drawer/episode_0007', 'bowl_drawer/episode_0013', 'bowl_drawer/episode_0014', 'mug_microwave/episode_0000', 'mug_microwave/episode_0002', 'mug_microwave/episode_0011', 'mug_microwave/episode_0016', 'stove_moka/episode_0000', 'stove_moka/episode_0007', 'stove_moka/episode_0012', 'stove_moka/episode_0014']",strict_streaming_first_rising_event,False,boundary_f1_at_5_then_10_then_stage_then_fp_then_loss,0.8636194261582413,0.8882783882783882,1.0,0.7765567765567766,0.7436974789915967,1.0,10.0,0.6666666666666666,0.9166666666666666,0.0,1,0.2727272727272727,3,8,8,0.5454545454545454,6,5,5,reports/transformer_streaming_native_seed17_v1/checkpoints/R2_state_encoder__common_256__seed_41.pt,reports/transformer_streaming_native_seed17_v1/histories/R2_state_encoder__common_256__seed_41.json
R2_state_encoder,common_256,53,1536,256,16,16,2,0.33732197778980905,0.95,0.4166666666666667,1126659,3.58978794929813,"['bowl_drawer/episode_0000', 'bowl_drawer/episode_0002', 'bowl_drawer/episode_0003', 'bowl_drawer/episode_0004', 'bowl_drawer/episode_0006', 'bowl_drawer/episode_0007', 'bowl_drawer/episode_0009', 'bowl_drawer/episode_0010', 'bowl_drawer/episode_0012', 'bowl_drawer/episode_0015', 'bowl_drawer/episode_0016', 'bowl_drawer/episode_0019', 'mug_microwave/episode_0000', 'mug_microwave/episode_0001', 'mug_microwave/episode_0002', 'mug_microwave/episode_0003', 'mug_microwave/episode_0004', 'mug_microwave/episode_0005', 'mug_microwave/episode_0006', 'mug_microwave/episode_0010', 'mug_microwave/episode_0011', 'mug_microwave/episode_0013', 'mug_microwave/episode_0015', 'mug_microwave/episode_0016', 'stove_moka/episode_0001', 'stove_moka/episode_0004', 'stove_moka/episode_0005', 'stove_moka/episode_0006', 'stove_moka/episode_0007', 'stove_moka/episode_0010', 'stove_moka/episode_0013', 'stove_moka/episode_0014', 'stove_moka/episode_0015', 'stove_moka/episode_0017', 'stove_moka/episode_0018', 'stove_moka/episode_0019']","['bowl_drawer/episode_0001', 'bowl_drawer/episode_0005', 'bowl_drawer/episode_0013', 'bowl_drawer/episode_0014', 'mug_microwave/episode_0008', 'mug_microwave/episode_0012', 'mug_microwave/episode_0014', 'mug_microwave/episode_0017', 'stove_moka/episode_0002', 'stove_moka/episode_0011', 'stove_moka/episode_0012', 'stove_moka/episode_0016']","['bowl_drawer/episode_0008', 'bowl_drawer/episode_0011', 'bowl_drawer/episode_0017', 'bowl_drawer/episode_0018', 'mug_microwave/episode_0007', 'mug_microwave/episode_0009', 'mug_microwave/episode_0018', 'mug_microwave/episode_0019', 'stove_moka/episode_0000', 'stove_moka/episode_0003', 'stove_moka/episode_0008', 'stove_moka/episode_0009']",strict_streaming_first_rising_event,False,boundary_f1_at_5_then_10_then_stage_then_fp_then_loss,0.9584936135846811,0.9585253456221198,0.9344978165938864,0.9861751152073732,0.9853658536585366,0.9308755760368663,4.0,0.4166666666666667,0.9166666666666666,nan,0,0.5217391304347826,6,5,6,0.6956521739130435,8,3,4,reports/transformer_streaming_native_seed17_v1/checkpoints/R2_state_encoder__common_256__seed_53.pt,reports/transformer_streaming_native_seed17_v1/histories/R2_state_encoder__common_256__seed_53.json
R2_state_encoder,common_256,67,1536,256,16,16,1,0.9145509641340032,0.95,0.36363636363636365,1126659,3.8315234467006705,"['bowl_drawer/episode_0002', 'bowl_drawer/episode_0003', 'bowl_drawer/episode_0004', 'bowl_drawer/episode_0005', 'bowl_drawer/episode_0006', 'bowl_drawer/episode_0007', 'bowl_drawer/episode_0010', 'bowl_drawer/episode_0012', 'bowl_drawer/episode_0013', 'bowl_drawer/episode_0015', 'bowl_drawer/episode_0018', 'bowl_drawer/episode_0019', 'mug_microwave/episode_0000', 'mug_microwave/episode_0003', 'mug_microwave/episode_0004', 'mug_microwave/episode_0006', 'mug_microwave/episode_0009', 'mug_microwave/episode_0010', 'mug_microwave/episode_0012', 'mug_microwave/episode_0014', 'mug_microwave/episode_0016', 'mug_microwave/episode_0017', 'mug_microwave/episode_0018', 'mug_microwave/episode_0019', 'stove_moka/episode_0000', 'stove_moka/episode_0004', 'stove_moka/episode_0005', 'stove_moka/episode_0007', 'stove_moka/episode_0008', 'stove_moka/episode_0009', 'stove_moka/episode_0010', 'stove_moka/episode_0011', 'stove_moka/episode_0013', 'stove_moka/episode_0015', 'stove_moka/episode_0018', 'stove_moka/episode_0019']","['bowl_drawer/episode_0000', 'bowl_drawer/episode_0001', 'bowl_drawer/episode_0009', 'bowl_drawer/episode_0014', 'mug_microwave/episode_0002', 'mug_microwave/episode_0005', 'mug_microwave/episode_0011', 'mug_microwave/episode_0015', 'stove_moka/episode_0003', 'stove_moka/episode_0006', 'stove_moka/episode_0014', 'stove_moka/episode_0017']","['bowl_drawer/episode_0008', 'bowl_drawer/episode_0011', 'bowl_drawer/episode_0016', 'bowl_drawer/episode_0017', 'mug_microwave/episode_0001', 'mug_microwave/episode_0007', 'mug_microwave/episode_0008', 'mug_microwave/episode_0013', 'stove_moka/episode_0001', 'stove_moka/episode_0002', 'stove_moka/episode_0012', 'stove_moka/episode_0016']",strict_streaming_first_rising_event,False,boundary_f1_at_5_then_10_then_stage_then_fp_then_loss,0.972653989251757,0.9721293199554069,0.9802955665024631,0.961352657004831,0.9663865546218487,0.9829059829059829,8.0,0.5833333333333334,0.9166666666666666,nan,0,0.34782608695652173,4,7,8,0.6086956521739131,7,4,5,reports/transformer_streaming_native_seed17_v1/checkpoints/R2_state_encoder__common_256__seed_67.pt,reports/transformer_streaming_native_seed17_v1/histories/R2_state_encoder__common_256__seed_67.json
R3_vlm_hidden,native,17,2048,2048,16,16,1,0.5753169455214754,0.95,0.25,1585411,10.472596310782386,"['bowl_drawer/episode_0003', 'bowl_drawer/episode_0004', 'bowl_drawer/episode_0005', 'bowl_drawer/episode_0006', 'bowl_drawer/episode_0007', 'bowl_drawer/episode_0008', 'bowl_drawer/episode_0009', 'bowl_drawer/episode_0012', 'bowl_drawer/episode_0014', 'bowl_drawer/episode_0016', 'bowl_drawer/episode_0017', 'bowl_drawer/episode_0018', 'mug_microwave/episode_0001', 'mug_microwave/episode_0002', 'mug_microwave/episode_0003', 'mug_microwave/episode_0006', 'mug_microwave/episode_0007', 'mug_microwave/episode_0009', 'mug_microwave/episode_0011', 'mug_microwave/episode_0013', 'mug_microwave/episode_0014', 'mug_microwave/episode_0016', 'mug_microwave/episode_0017', 'mug_microwave/episode_0018', 'stove_moka/episode_0002', 'stove_moka/episode_0003', 'stove_moka/episode_0004', 'stove_moka/episode_0006', 'stove_moka/episode_0007', 'stove_moka/episode_0008', 'stove_moka/episode_0009', 'stove_moka/episode_0010', 'stove_moka/episode_0011', 'stove_moka/episode_0013', 'stove_moka/episode_0014', 'stove_moka/episode_0019']","['bowl_drawer/episode_0000', 'bowl_drawer/episode_0001', 'bowl_drawer/episode_0013', 'bowl_drawer/episode_0015', 'mug_microwave/episode_0000', 'mug_microwave/episode_0008', 'mug_microwave/episode_0015', 'mug_microwave/episode_0019', 'stove_moka/episode_0000', 'stove_moka/episode_0005', 'stove_moka/episode_0015', 'stove_moka/episode_0016']","['bowl_drawer/episode_0002', 'bowl_drawer/episode_0010', 'bowl_drawer/episode_0011', 'bowl_drawer/episode_0019', 'mug_microwave/episode_0004', 'mug_microwave/episode_0005', 'mug_microwave/episode_0010', 'mug_microwave/episode_0012', 'stove_moka/episode_0001', 'stove_moka/episode_0012', 'stove_moka/episode_0017', 'stove_moka/episode_0018']",strict_streaming_first_rising_event,False,boundary_f1_at_5_then_10_then_stage_then_fp_then_loss,0.9899698340874812,0.9898838845883181,0.9853658536585366,0.9950738916256158,0.9948453608247423,0.9846938775510204,8.5,0.6666666666666666,1.0833333333333333,nan,0,0.4,5,8,7,0.64,8,5,4,reports/transformer_streaming_native_seed17_v1/checkpoints/R3_vlm_hidden__native__seed_17.pt,reports/transformer_streaming_native_seed17_v1/histories/R3_vlm_hidden__native__seed_17.json
R3_vlm_hidden,native,29,2048,2048,16,16,1,0.5088257309936342,0.95,0.4166666666666667,1585411,3.9030010517290616,"['bowl_drawer/episode_0000', 'bowl_drawer/episode_0001', 'bowl_drawer/episode_0003', 'bowl_drawer/episode_0004', 'bowl_drawer/episode_0005', 'bowl_drawer/episode_0007', 'bowl_drawer/episode_0008', 'bowl_drawer/episode_0011', 'bowl_drawer/episode_0013', 'bowl_drawer/episode_0014', 'bowl_drawer/episode_0015', 'bowl_drawer/episode_0016', 'mug_microwave/episode_0000', 'mug_microwave/episode_0002', 'mug_microwave/episode_0004', 'mug_microwave/episode_0008', 'mug_microwave/episode_0009', 'mug_microwave/episode_0012', 'mug_microwave/episode_0013', 'mug_microwave/episode_0014', 'mug_microwave/episode_0015', 'mug_microwave/episode_0016', 'mug_microwave/episode_0017', 'mug_microwave/episode_0019', 'stove_moka/episode_0000', 'stove_moka/episode_0002', 'stove_moka/episode_0003', 'stove_moka/episode_0006', 'stove_moka/episode_0007', 'stove_moka/episode_0008', 'stove_moka/episode_0009', 'stove_moka/episode_0011', 'stove_moka/episode_0013', 'stove_moka/episode_0017', 'stove_moka/episode_0018', 'stove_moka/episode_0019']","['bowl_drawer/episode_0002', 'bowl_drawer/episode_0006', 'bowl_drawer/episode_0010', 'bowl_drawer/episode_0012', 'mug_microwave/episode_0001', 'mug_microwave/episode_0005', 'mug_microwave/episode_0006', 'mug_microwave/episode_0018', 'stove_moka/episode_0001', 'stove_moka/episode_0005', 'stove_moka/episode_0015', 'stove_moka/episode_0016']","['bowl_drawer/episode_0009', 'bowl_drawer/episode_0017', 'bowl_drawer/episode_0018', 'bowl_drawer/episode_0019', 'mug_microwave/episode_0003', 'mug_microwave/episode_0007', 'mug_microwave/episode_0010', 'mug_microwave/episode_0011', 'stove_moka/episode_0004', 'stove_moka/episode_0010', 'stove_moka/episode_0012', 'stove_moka/episode_0014']",strict_streaming_first_rising_event,False,boundary_f1_at_5_then_10_then_stage_then_fp_then_loss,0.960633484162896,0.9649613110515409,0.9920948616600791,0.9400749063670412,0.9241706161137441,0.9898477157360406,8.0,0.75,1.0,0.0,1,0.2608695652173913,3,9,8,0.6086956521739131,7,5,4,reports/transformer_streaming_native_seed17_v1/checkpoints/R3_vlm_hidden__native__seed_29.pt,reports/transformer_streaming_native_seed17_v1/histories/R3_vlm_hidden__native__seed_29.json
R3_vlm_hidden,native,41,2048,2048,16,16,5,0.43569262351019905,0.95,0.3333333333333333,1585411,3.7499694044314915,"['bowl_drawer/episode_0000', 'bowl_drawer/episode_0001', 'bowl_drawer/episode_0002', 'bowl_drawer/episode_0005', 'bowl_drawer/episode_0008', 'bowl_drawer/episode_0009', 'bowl_drawer/episode_0011', 'bowl_drawer/episode_0012', 'bowl_drawer/episode_0015', 'bowl_drawer/episode_0016', 'bowl_drawer/episode_0017', 'bowl_drawer/episode_0019', 'mug_microwave/episode_0001', 'mug_microwave/episode_0003', 'mug_microwave/episode_0004', 'mug_microwave/episode_0006', 'mug_microwave/episode_0007', 'mug_microwave/episode_0008', 'mug_microwave/episode_0009', 'mug_microwave/episode_0012', 'mug_microwave/episode_0014', 'mug_microwave/episode_0015', 'mug_microwave/episode_0017', 'mug_microwave/episode_0019', 'stove_moka/episode_0002', 'stove_moka/episode_0004', 'stove_moka/episode_0005', 'stove_moka/episode_0008', 'stove_moka/episode_0009', 'stove_moka/episode_0011', 'stove_moka/episode_0013', 'stove_moka/episode_0015', 'stove_moka/episode_0016', 'stove_moka/episode_0017', 'stove_moka/episode_0018', 'stove_moka/episode_0019']","['bowl_drawer/episode_0003', 'bowl_drawer/episode_0004', 'bowl_drawer/episode_0010', 'bowl_drawer/episode_0018', 'mug_microwave/episode_0005', 'mug_microwave/episode_0010', 'mug_microwave/episode_0013', 'mug_microwave/episode_0018', 'stove_moka/episode_0001', 'stove_moka/episode_0003', 'stove_moka/episode_0006', 'stove_moka/episode_0010']","['bowl_drawer/episode_0006', 'bowl_drawer/episode_0007', 'bowl_drawer/episode_0013', 'bowl_drawer/episode_0014', 'mug_microwave/episode_0000', 'mug_microwave/episode_0002', 'mug_microwave/episode_0011', 'mug_microwave/episode_0016', 'stove_moka/episode_0000', 'stove_moka/episode_0007', 'stove_moka/episode_0012', 'stove_moka/episode_0014']",strict_streaming_first_rising_event,False,boundary_f1_at_5_then_10_then_stage_then_fp_then_loss,0.9118174646641778,0.9275780716458684,0.9957627118644068,0.8608058608058609,0.822429906542056,0.9943502824858758,18.0,0.6666666666666666,0.9166666666666666,0.0,1,0.2727272727272727,3,8,8,0.2727272727272727,3,8,8,reports/transformer_streaming_native_seed17_v1/checkpoints/R3_vlm_hidden__native__seed_41.pt,reports/transformer_streaming_native_seed17_v1/histories/R3_vlm_hidden__native__seed_41.json
R3_vlm_hidden,native,53,2048,2048,16,16,2,0.4343297048312862,0.95,0.16666666666666666,1585411,3.5641078041508627,"['bowl_drawer/episode_0000', 'bowl_drawer/episode_0002', 'bowl_drawer/episode_0003', 'bowl_drawer/episode_0004', 'bowl_drawer/episode_0006', 'bowl_drawer/episode_0007', 'bowl_drawer/episode_0009', 'bowl_drawer/episode_0010', 'bowl_drawer/episode_0012', 'bowl_drawer/episode_0015', 'bowl_drawer/episode_0016', 'bowl_drawer/episode_0019', 'mug_microwave/episode_0000', 'mug_microwave/episode_0001', 'mug_microwave/episode_0002', 'mug_microwave/episode_0003', 'mug_microwave/episode_0004', 'mug_microwave/episode_0005', 'mug_microwave/episode_0006', 'mug_microwave/episode_0010', 'mug_microwave/episode_0011', 'mug_microwave/episode_0013', 'mug_microwave/episode_0015', 'mug_microwave/episode_0016', 'stove_moka/episode_0001', 'stove_moka/episode_0004', 'stove_moka/episode_0005', 'stove_moka/episode_0006', 'stove_moka/episode_0007', 'stove_moka/episode_0010', 'stove_moka/episode_0013', 'stove_moka/episode_0014', 'stove_moka/episode_0015', 'stove_moka/episode_0017', 'stove_moka/episode_0018', 'stove_moka/episode_0019']","['bowl_drawer/episode_0001', 'bowl_drawer/episode_0005', 'bowl_drawer/episode_0013', 'bowl_drawer/episode_0014', 'mug_microwave/episode_0008', 'mug_microwave/episode_0012', 'mug_microwave/episode_0014', 'mug_microwave/episode_0017', 'stove_moka/episode_0002', 'stove_moka/episode_0011', 'stove_moka/episode_0012', 'stove_moka/episode_0016']","['bowl_drawer/episode_0008', 'bowl_drawer/episode_0011', 'bowl_drawer/episode_0017', 'bowl_drawer/episode_0018', 'mug_microwave/episode_0007', 'mug_microwave/episode_0009', 'mug_microwave/episode_0018', 'mug_microwave/episode_0019', 'stove_moka/episode_0000', 'stove_moka/episode_0003', 'stove_moka/episode_0008', 'stove_moka/episode_0009']",strict_streaming_first_rising_event,False,boundary_f1_at_5_then_10_then_stage_then_fp_then_loss,0.9538189789099576,0.9539170506912442,1.0,0.9078341013824884,0.9156118143459916,1.0,14.5,0.8333333333333334,1.0,nan,0,0.16666666666666666,2,10,10,0.16666666666666666,2,10,10,reports/transformer_streaming_native_seed17_v1/checkpoints/R3_vlm_hidden__native__seed_53.pt,reports/transformer_streaming_native_seed17_v1/histories/R3_vlm_hidden__native__seed_53.json
R3_vlm_hidden,native,67,2048,2048,16,16,5,0.544655726486754,0.9,0.2727272727272727,1585411,4.681563886638421,"['bowl_drawer/episode_0002', 'bowl_drawer/episode_0003', 'bowl_drawer/episode_0004', 'bowl_drawer/episode_0005', 'bowl_drawer/episode_0006', 'bowl_drawer/episode_0007', 'bowl_drawer/episode_0010', 'bowl_drawer/episode_0012', 'bowl_drawer/episode_0013', 'bowl_drawer/episode_0015', 'bowl_drawer/episode_0018', 'bowl_drawer/episode_0019', 'mug_microwave/episode_0000', 'mug_microwave/episode_0003', 'mug_microwave/episode_0004', 'mug_microwave/episode_0006', 'mug_microwave/episode_0009', 'mug_microwave/episode_0010', 'mug_microwave/episode_0012', 'mug_microwave/episode_0014', 'mug_microwave/episode_0016', 'mug_microwave/episode_0017', 'mug_microwave/episode_0018', 'mug_microwave/episode_0019', 'stove_moka/episode_0000', 'stove_moka/episode_0004', 'stove_moka/episode_0005', 'stove_moka/episode_0007', 'stove_moka/episode_0008', 'stove_moka/episode_0009', 'stove_moka/episode_0010', 'stove_moka/episode_0011', 'stove_moka/episode_0013', 'stove_moka/episode_0015', 'stove_moka/episode_0018', 'stove_moka/episode_0019']","['bowl_drawer/episode_0000', 'bowl_drawer/episode_0001', 'bowl_drawer/episode_0009', 'bowl_drawer/episode_0014', 'mug_microwave/episode_0002', 'mug_microwave/episode_0005', 'mug_microwave/episode_0011', 'mug_microwave/episode_0015', 'stove_moka/episode_0003', 'stove_moka/episode_0006', 'stove_moka/episode_0014', 'stove_moka/episode_0017']","['bowl_drawer/episode_0008', 'bowl_drawer/episode_0011', 'bowl_drawer/episode_0016', 'bowl_drawer/episode_0017', 'mug_microwave/episode_0001', 'mug_microwave/episode_0007', 'mug_microwave/episode_0008', 'mug_microwave/episode_0013', 'stove_moka/episode_0001', 'stove_moka/episode_0002', 'stove_moka/episode_0012', 'stove_moka/episode_0016']",strict_streaming_first_rising_event,False,boundary_f1_at_5_then_10_then_stage_then_fp_then_loss,0.9863636363636363,0.9871794871794872,0.971830985915493,1.0,1.0,0.9743589743589743,8.5,0.6666666666666666,1.0,nan,0,0.3333333333333333,4,8,8,0.5833333333333334,7,5,5,reports/transformer_streaming_native_seed17_v1/checkpoints/R3_vlm_hidden__native__seed_67.pt,reports/transformer_streaming_native_seed17_v1/histories/R3_vlm_hidden__native__seed_67.json
R3_vlm_hidden,common_256,17,2048,256,16,16,1,0.5405047372757614,0.95,0.36363636363636365,1126659,3.696265699254992,"['bowl_drawer/episode_0003', 'bowl_drawer/episode_0004', 'bowl_drawer/episode_0005', 'bowl_drawer/episode_0006', 'bowl_drawer/episode_0007', 'bowl_drawer/episode_0008', 'bowl_drawer/episode_0009', 'bowl_drawer/episode_0012', 'bowl_drawer/episode_0014', 'bowl_drawer/episode_0016', 'bowl_drawer/episode_0017', 'bowl_drawer/episode_0018', 'mug_microwave/episode_0001', 'mug_microwave/episode_0002', 'mug_microwave/episode_0003', 'mug_microwave/episode_0006', 'mug_microwave/episode_0007', 'mug_microwave/episode_0009', 'mug_microwave/episode_0011', 'mug_microwave/episode_0013', 'mug_microwave/episode_0014', 'mug_microwave/episode_0016', 'mug_microwave/episode_0017', 'mug_microwave/episode_0018', 'stove_moka/episode_0002', 'stove_moka/episode_0003', 'stove_moka/episode_0004', 'stove_moka/episode_0006', 'stove_moka/episode_0007', 'stove_moka/episode_0008', 'stove_moka/episode_0009', 'stove_moka/episode_0010', 'stove_moka/episode_0011', 'stove_moka/episode_0013', 'stove_moka/episode_0014', 'stove_moka/episode_0019']","['bowl_drawer/episode_0000', 'bowl_drawer/episode_0001', 'bowl_drawer/episode_0013', 'bowl_drawer/episode_0015', 'mug_microwave/episode_0000', 'mug_microwave/episode_0008', 'mug_microwave/episode_0015', 'mug_microwave/episode_0019', 'stove_moka/episode_0000', 'stove_moka/episode_0005', 'stove_moka/episode_0015', 'stove_moka/episode_0016']","['bowl_drawer/episode_0002', 'bowl_drawer/episode_0010', 'bowl_drawer/episode_0011', 'bowl_drawer/episode_0019', 'mug_microwave/episode_0004', 'mug_microwave/episode_0005', 'mug_microwave/episode_0010', 'mug_microwave/episode_0012', 'stove_moka/episode_0001', 'stove_moka/episode_0012', 'stove_moka/episode_0017', 'stove_moka/episode_0018']",strict_streaming_first_rising_event,False,boundary_f1_at_5_then_10_then_stage_then_fp_then_loss,0.9824490847508751,0.9824067558057705,0.9803921568627451,0.9852216748768473,0.9846153846153847,0.9795918367346939,5.5,0.3333333333333333,0.6666666666666666,nan,0,0.4,4,4,8,0.6,6,2,6,reports/transformer_streaming_native_seed17_v1/checkpoints/R3_vlm_hidden__common_256__seed_17.pt,reports/transformer_streaming_native_seed17_v1/histories/R3_vlm_hidden__common_256__seed_17.json
R3_vlm_hidden,common_256,29,2048,256,16,16,1,0.5211958374295916,0.95,0.2857142857142857,1126659,3.622951989221935,"['bowl_drawer/episode_0000', 'bowl_drawer/episode_0001', 'bowl_drawer/episode_0003', 'bowl_drawer/episode_0004', 'bowl_drawer/episode_0005', 'bowl_drawer/episode_0007', 'bowl_drawer/episode_0008', 'bowl_drawer/episode_0011', 'bowl_drawer/episode_0013', 'bowl_drawer/episode_0014', 'bowl_drawer/episode_0015', 'bowl_drawer/episode_0016', 'mug_microwave/episode_0000', 'mug_microwave/episode_0002', 'mug_microwave/episode_0004', 'mug_microwave/episode_0008', 'mug_microwave/episode_0009', 'mug_microwave/episode_0012', 'mug_microwave/episode_0013', 'mug_microwave/episode_0014', 'mug_microwave/episode_0015', 'mug_microwave/episode_0016', 'mug_microwave/episode_0017', 'mug_microwave/episode_0019', 'stove_moka/episode_0000', 'stove_moka/episode_0002', 'stove_moka/episode_0003', 'stove_moka/episode_0006', 'stove_moka/episode_0007', 'stove_moka/episode_0008', 'stove_moka/episode_0009', 'stove_moka/episode_0011', 'stove_moka/episode_0013', 'stove_moka/episode_0017', 'stove_moka/episode_0018', 'stove_moka/episode_0019']","['bowl_drawer/episode_0002', 'bowl_drawer/episode_0006', 'bowl_drawer/episode_0010', 'bowl_drawer/episode_0012', 'mug_microwave/episode_0001', 'mug_microwave/episode_0005', 'mug_microwave/episode_0006', 'mug_microwave/episode_0018', 'stove_moka/episode_0001', 'stove_moka/episode_0005', 'stove_moka/episode_0015', 'stove_moka/episode_0016']","['bowl_drawer/episode_0009', 'bowl_drawer/episode_0017', 'bowl_drawer/episode_0018', 'bowl_drawer/episode_0019', 'mug_microwave/episode_0003', 'mug_microwave/episode_0007', 'mug_microwave/episode_0010', 'mug_microwave/episode_0011', 'stove_moka/episode_0004', 'stove_moka/episode_0010', 'stove_moka/episode_0012', 'stove_moka/episode_0014']",strict_streaming_first_rising_event,False,boundary_f1_at_5_then_10_then_stage_then_fp_then_loss,0.9025241938872213,0.9130686895188121,0.9826086956521739,0.846441947565543,0.8247863247863247,0.9796954314720813,10.0,0.75,0.8333333333333334,0.0,1,0.09523809523809523,1,9,10,0.38095238095238093,4,6,7,reports/transformer_streaming_native_seed17_v1/checkpoints/R3_vlm_hidden__common_256__seed_29.pt,reports/transformer_streaming_native_seed17_v1/histories/R3_vlm_hidden__common_256__seed_29.json
R3_vlm_hidden,common_256,41,2048,256,16,16,1,0.380413702411744,0.95,0.4444444444444444,1126659,3.55187916888604,"['bowl_drawer/episode_0000', 'bowl_drawer/episode_0001', 'bowl_drawer/episode_0002', 'bowl_drawer/episode_0005', 'bowl_drawer/episode_0008', 'bowl_drawer/episode_0009', 'bowl_drawer/episode_0011', 'bowl_drawer/episode_0012', 'bowl_drawer/episode_0015', 'bowl_drawer/episode_0016', 'bowl_drawer/episode_0017', 'bowl_drawer/episode_0019', 'mug_microwave/episode_0001', 'mug_microwave/episode_0003', 'mug_microwave/episode_0004', 'mug_microwave/episode_0006', 'mug_microwave/episode_0007', 'mug_microwave/episode_0008', 'mug_microwave/episode_0009', 'mug_microwave/episode_0012', 'mug_microwave/episode_0014', 'mug_microwave/episode_0015', 'mug_microwave/episode_0017', 'mug_microwave/episode_0019', 'stove_moka/episode_0002', 'stove_moka/episode_0004', 'stove_moka/episode_0005', 'stove_moka/episode_0008', 'stove_moka/episode_0009', 'stove_moka/episode_0011', 'stove_moka/episode_0013', 'stove_moka/episode_0015', 'stove_moka/episode_0016', 'stove_moka/episode_0017', 'stove_moka/episode_0018', 'stove_moka/episode_0019']","['bowl_drawer/episode_0003', 'bowl_drawer/episode_0004', 'bowl_drawer/episode_0010', 'bowl_drawer/episode_0018', 'mug_microwave/episode_0005', 'mug_microwave/episode_0010', 'mug_microwave/episode_0013', 'mug_microwave/episode_0018', 'stove_moka/episode_0001', 'stove_moka/episode_0003', 'stove_moka/episode_0006', 'stove_moka/episode_0010']","['bowl_drawer/episode_0006', 'bowl_drawer/episode_0007', 'bowl_drawer/episode_0013', 'bowl_drawer/episode_0014', 'mug_microwave/episode_0000', 'mug_microwave/episode_0002', 'mug_microwave/episode_0011', 'mug_microwave/episode_0016', 'stove_moka/episode_0000', 'stove_moka/episode_0007', 'stove_moka/episode_0012', 'stove_moka/episode_0014']",strict_streaming_first_rising_event,False,boundary_f1_at_5_then_10_then_stage_then_fp_then_loss,0.8940863634315017,0.9119327000682933,0.991304347826087,0.8351648351648352,0.7954545454545454,0.9887005649717514,9.0,0.75,1.0833333333333333,0.0,1,0.3333333333333333,4,9,7,0.6666666666666666,8,5,3,reports/transformer_streaming_native_seed17_v1/checkpoints/R3_vlm_hidden__common_256__seed_41.pt,reports/transformer_streaming_native_seed17_v1/histories/R3_vlm_hidden__common_256__seed_41.json
R3_vlm_hidden,common_256,53,2048,256,16,16,1,0.4139210421864579,0.95,0.25,1126659,3.921355269568363,"['bowl_drawer/episode_0000', 'bowl_drawer/episode_0002', 'bowl_drawer/episode_0003', 'bowl_drawer/episode_0004', 'bowl_drawer/episode_0006', 'bowl_drawer/episode_0007', 'bowl_drawer/episode_0009', 'bowl_drawer/episode_0010', 'bowl_drawer/episode_0012', 'bowl_drawer/episode_0015', 'bowl_drawer/episode_0016', 'bowl_drawer/episode_0019', 'mug_microwave/episode_0000', 'mug_microwave/episode_0001', 'mug_microwave/episode_0002', 'mug_microwave/episode_0003', 'mug_microwave/episode_0004', 'mug_microwave/episode_0005', 'mug_microwave/episode_0006', 'mug_microwave/episode_0010', 'mug_microwave/episode_0011', 'mug_microwave/episode_0013', 'mug_microwave/episode_0015', 'mug_microwave/episode_0016', 'stove_moka/episode_0001', 'stove_moka/episode_0004', 'stove_moka/episode_0005', 'stove_moka/episode_0006', 'stove_moka/episode_0007', 'stove_moka/episode_0010', 'stove_moka/episode_0013', 'stove_moka/episode_0014', 'stove_moka/episode_0015', 'stove_moka/episode_0017', 'stove_moka/episode_0018', 'stove_moka/episode_0019']","['bowl_drawer/episode_0001', 'bowl_drawer/episode_0005', 'bowl_drawer/episode_0013', 'bowl_drawer/episode_0014', 'mug_microwave/episode_0008', 'mug_microwave/episode_0012', 'mug_microwave/episode_0014', 'mug_microwave/episode_0017', 'stove_moka/episode_0002', 'stove_moka/episode_0011', 'stove_moka/episode_0012', 'stove_moka/episode_0016']","['bowl_drawer/episode_0008', 'bowl_drawer/episode_0011', 'bowl_drawer/episode_0017', 'bowl_drawer/episode_0018', 'mug_microwave/episode_0007', 'mug_microwave/episode_0009', 'mug_microwave/episode_0018', 'mug_microwave/episode_0019', 'stove_moka/episode_0000', 'stove_moka/episode_0003', 'stove_moka/episode_0008', 'stove_moka/episode_0009']",strict_streaming_first_rising_event,False,boundary_f1_at_5_then_10_then_stage_then_fp_then_loss,0.9631140574536801,0.9631336405529953,0.9855072463768116,0.9400921658986175,0.9427312775330396,0.9861751152073732,7.0,0.75,1.0,nan,0,0.25,3,9,9,0.5833333333333334,7,5,5,reports/transformer_streaming_native_seed17_v1/checkpoints/R3_vlm_hidden__common_256__seed_53.pt,reports/transformer_streaming_native_seed17_v1/histories/R3_vlm_hidden__common_256__seed_53.json
R3_vlm_hidden,common_256,67,2048,256,16,16,2,0.3037278680109816,0.9,0.2727272727272727,1126659,3.8043959251779826,"['bowl_drawer/episode_0002', 'bowl_drawer/episode_0003', 'bowl_drawer/episode_0004', 'bowl_drawer/episode_0005', 'bowl_drawer/episode_0006', 'bowl_drawer/episode_0007', 'bowl_drawer/episode_0010', 'bowl_drawer/episode_0012', 'bowl_drawer/episode_0013', 'bowl_drawer/episode_0015', 'bowl_drawer/episode_0018', 'bowl_drawer/episode_0019', 'mug_microwave/episode_0000', 'mug_microwave/episode_0003', 'mug_microwave/episode_0004', 'mug_microwave/episode_0006', 'mug_microwave/episode_0009', 'mug_microwave/episode_0010', 'mug_microwave/episode_0012', 'mug_microwave/episode_0014', 'mug_microwave/episode_0016', 'mug_microwave/episode_0017', 'mug_microwave/episode_0018', 'mug_microwave/episode_0019', 'stove_moka/episode_0000', 'stove_moka/episode_0004', 'stove_moka/episode_0005', 'stove_moka/episode_0007', 'stove_moka/episode_0008', 'stove_moka/episode_0009', 'stove_moka/episode_0010', 'stove_moka/episode_0011', 'stove_moka/episode_0013', 'stove_moka/episode_0015', 'stove_moka/episode_0018', 'stove_moka/episode_0019']","['bowl_drawer/episode_0000', 'bowl_drawer/episode_0001', 'bowl_drawer/episode_0009', 'bowl_drawer/episode_0014', 'mug_microwave/episode_0002', 'mug_microwave/episode_0005', 'mug_microwave/episode_0011', 'mug_microwave/episode_0015', 'stove_moka/episode_0003', 'stove_moka/episode_0006', 'stove_moka/episode_0014', 'stove_moka/episode_0017']","['bowl_drawer/episode_0008', 'bowl_drawer/episode_0011', 'bowl_drawer/episode_0016', 'bowl_drawer/episode_0017', 'mug_microwave/episode_0001', 'mug_microwave/episode_0007', 'mug_microwave/episode_0008', 'mug_microwave/episode_0013', 'stove_moka/episode_0001', 'stove_moka/episode_0002', 'stove_moka/episode_0012', 'stove_moka/episode_0016']",strict_streaming_first_rising_event,False,boundary_f1_at_5_then_10_then_stage_then_fp_then_loss,0.9772820935503812,0.9783537718320328,0.958139534883721,0.9951690821256038,0.995575221238938,0.9615384615384616,16.5,0.75,0.8333333333333334,nan,0,0.09090909090909091,1,9,11,0.18181818181818182,2,8,10,reports/transformer_streaming_native_seed17_v1/checkpoints/R3_vlm_hidden__common_256__seed_67.pt,reports/transformer_streaming_native_seed17_v1/histories/R3_vlm_hidden__common_256__seed_67.json
R3b_vision_tokens,native,17,2048,2048,16,16,1,0.593983467426393,0.95,0.3333333333333333,1585411,9.922046929826099,"['bowl_drawer/episode_0003', 'bowl_drawer/episode_0004', 'bowl_drawer/episode_0005', 'bowl_drawer/episode_0006', 'bowl_drawer/episode_0007', 'bowl_drawer/episode_0008', 'bowl_drawer/episode_0009', 'bowl_drawer/episode_0012', 'bowl_drawer/episode_0014', 'bowl_drawer/episode_0016', 'bowl_drawer/episode_0017', 'bowl_drawer/episode_0018', 'mug_microwave/episode_0001', 'mug_microwave/episode_0002', 'mug_microwave/episode_0003', 'mug_microwave/episode_0006', 'mug_microwave/episode_0007', 'mug_microwave/episode_0009', 'mug_microwave/episode_0011', 'mug_microwave/episode_0013', 'mug_microwave/episode_0014', 'mug_microwave/episode_0016', 'mug_microwave/episode_0017', 'mug_microwave/episode_0018', 'stove_moka/episode_0002', 'stove_moka/episode_0003', 'stove_moka/episode_0004', 'stove_moka/episode_0006', 'stove_moka/episode_0007', 'stove_moka/episode_0008', 'stove_moka/episode_0009', 'stove_moka/episode_0010', 'stove_moka/episode_0011', 'stove_moka/episode_0013', 'stove_moka/episode_0014', 'stove_moka/episode_0019']","['bowl_drawer/episode_0000', 'bowl_drawer/episode_0001', 'bowl_drawer/episode_0013', 'bowl_drawer/episode_0015', 'mug_microwave/episode_0000', 'mug_microwave/episode_0008', 'mug_microwave/episode_0015', 'mug_microwave/episode_0019', 'stove_moka/episode_0000', 'stove_moka/episode_0005', 'stove_moka/episode_0015', 'stove_moka/episode_0016']","['bowl_drawer/episode_0002', 'bowl_drawer/episode_0010', 'bowl_drawer/episode_0011', 'bowl_drawer/episode_0019', 'mug_microwave/episode_0004', 'mug_microwave/episode_0005', 'mug_microwave/episode_0010', 'mug_microwave/episode_0012', 'stove_moka/episode_0001', 'stove_moka/episode_0012', 'stove_moka/episode_0017', 'stove_moka/episode_0018']",strict_streaming_first_rising_event,False,boundary_f1_at_5_then_10_then_stage_then_fp_then_loss,0.9899698340874812,0.9898838845883181,0.9853658536585366,0.9950738916256158,0.9948453608247423,0.9846938775510204,6.5,0.6666666666666666,1.0833333333333333,nan,0,0.4,5,8,7,0.72,9,4,3,reports/transformer_streaming_native_seed17_v1/checkpoints/R3b_vision_tokens__native__seed_17.pt,reports/transformer_streaming_native_seed17_v1/histories/R3b_vision_tokens__native__seed_17.json
R3b_vision_tokens,native,29,2048,2048,16,16,1,0.49281938473383585,0.95,0.43478260869565216,1585411,4.002711086209157,"['bowl_drawer/episode_0000', 'bowl_drawer/episode_0001', 'bowl_drawer/episode_0003', 'bowl_drawer/episode_0004', 'bowl_drawer/episode_0005', 'bowl_drawer/episode_0007', 'bowl_drawer/episode_0008', 'bowl_drawer/episode_0011', 'bowl_drawer/episode_0013', 'bowl_drawer/episode_0014', 'bowl_drawer/episode_0015', 'bowl_drawer/episode_0016', 'mug_microwave/episode_0000', 'mug_microwave/episode_0002', 'mug_microwave/episode_0004', 'mug_microwave/episode_0008', 'mug_microwave/episode_0009', 'mug_microwave/episode_0012', 'mug_microwave/episode_0013', 'mug_microwave/episode_0014', 'mug_microwave/episode_0015', 'mug_microwave/episode_0016', 'mug_microwave/episode_0017', 'mug_microwave/episode_0019', 'stove_moka/episode_0000', 'stove_moka/episode_0002', 'stove_moka/episode_0003', 'stove_moka/episode_0006', 'stove_moka/episode_0007', 'stove_moka/episode_0008', 'stove_moka/episode_0009', 'stove_moka/episode_0011', 'stove_moka/episode_0013', 'stove_moka/episode_0017', 'stove_moka/episode_0018', 'stove_moka/episode_0019']","['bowl_drawer/episode_0002', 'bowl_drawer/episode_0006', 'bowl_drawer/episode_0010', 'bowl_drawer/episode_0012', 'mug_microwave/episode_0001', 'mug_microwave/episode_0005', 'mug_microwave/episode_0006', 'mug_microwave/episode_0018', 'stove_moka/episode_0001', 'stove_moka/episode_0005', 'stove_moka/episode_0015', 'stove_moka/episode_0016']","['bowl_drawer/episode_0009', 'bowl_drawer/episode_0017', 'bowl_drawer/episode_0018', 'bowl_drawer/episode_0019', 'mug_microwave/episode_0003', 'mug_microwave/episode_0007', 'mug_microwave/episode_0010', 'mug_microwave/episode_0011', 'stove_moka/episode_0004', 'stove_moka/episode_0010', 'stove_moka/episode_0012', 'stove_moka/episode_0014']",strict_streaming_first_rising_event,False,boundary_f1_at_5_then_10_then_stage_then_fp_then_loss,0.9584243115912982,0.962423239985551,0.9881889763779528,0.9400749063670412,0.9238095238095239,0.9847715736040609,8.0,0.6666666666666666,1.0,0.0,1,0.34782608695652173,4,8,7,0.6086956521739131,7,5,4,reports/transformer_streaming_native_seed17_v1/checkpoints/R3b_vision_tokens__native__seed_29.pt,reports/transformer_streaming_native_seed17_v1/histories/R3b_vision_tokens__native__seed_29.json
R3b_vision_tokens,native,41,2048,2048,16,16,5,0.3844837934572529,0.95,0.3333333333333333,1585411,3.7630286200086025,"['bowl_drawer/episode_0000', 'bowl_drawer/episode_0001', 'bowl_drawer/episode_0002', 'bowl_drawer/episode_0005', 'bowl_drawer/episode_0008', 'bowl_drawer/episode_0009', 'bowl_drawer/episode_0011', 'bowl_drawer/episode_0012', 'bowl_drawer/episode_0015', 'bowl_drawer/episode_0016', 'bowl_drawer/episode_0017', 'bowl_drawer/episode_0019', 'mug_microwave/episode_0001', 'mug_microwave/episode_0003', 'mug_microwave/episode_0004', 'mug_microwave/episode_0006', 'mug_microwave/episode_0007', 'mug_microwave/episode_0008', 'mug_microwave/episode_0009', 'mug_microwave/episode_0012', 'mug_microwave/episode_0014', 'mug_microwave/episode_0015', 'mug_microwave/episode_0017', 'mug_microwave/episode_0019', 'stove_moka/episode_0002', 'stove_moka/episode_0004', 'stove_moka/episode_0005', 'stove_moka/episode_0008', 'stove_moka/episode_0009', 'stove_moka/episode_0011', 'stove_moka/episode_0013', 'stove_moka/episode_0015', 'stove_moka/episode_0016', 'stove_moka/episode_0017', 'stove_moka/episode_0018', 'stove_moka/episode_0019']","['bowl_drawer/episode_0003', 'bowl_drawer/episode_0004', 'bowl_drawer/episode_0010', 'bowl_drawer/episode_0018', 'mug_microwave/episode_0005', 'mug_microwave/episode_0010', 'mug_microwave/episode_0013', 'mug_microwave/episode_0018', 'stove_moka/episode_0001', 'stove_moka/episode_0003', 'stove_moka/episode_0006', 'stove_moka/episode_0010']","['bowl_drawer/episode_0006', 'bowl_drawer/episode_0007', 'bowl_drawer/episode_0013', 'bowl_drawer/episode_0014', 'mug_microwave/episode_0000', 'mug_microwave/episode_0002', 'mug_microwave/episode_0011', 'mug_microwave/episode_0016', 'stove_moka/episode_0000', 'stove_moka/episode_0007', 'stove_moka/episode_0012', 'stove_moka/episode_0014']",strict_streaming_first_rising_event,False,boundary_f1_at_5_then_10_then_stage_then_fp_then_loss,0.9382857142857144,0.9475693797727696,0.9880952380952381,0.9120879120879121,0.8787878787878788,0.9830508474576272,18.0,0.75,0.9166666666666666,0.0,1,0.18181818181818182,2,9,9,0.2727272727272727,3,8,8,reports/transformer_streaming_native_seed17_v1/checkpoints/R3b_vision_tokens__native__seed_41.pt,reports/transformer_streaming_native_seed17_v1/histories/R3b_vision_tokens__native__seed_41.json
R3b_vision_tokens,native,53,2048,2048,16,16,2,0.45377055653711645,0.95,0.16666666666666666,1585411,3.8732540115160514,"['bowl_drawer/episode_0000', 'bowl_drawer/episode_0002', 'bowl_drawer/episode_0003', 'bowl_drawer/episode_0004', 'bowl_drawer/episode_0006', 'bowl_drawer/episode_0007', 'bowl_drawer/episode_0009', 'bowl_drawer/episode_0010', 'bowl_drawer/episode_0012', 'bowl_drawer/episode_0015', 'bowl_drawer/episode_0016', 'bowl_drawer/episode_0019', 'mug_microwave/episode_0000', 'mug_microwave/episode_0001', 'mug_microwave/episode_0002', 'mug_microwave/episode_0003', 'mug_microwave/episode_0004', 'mug_microwave/episode_0005', 'mug_microwave/episode_0006', 'mug_microwave/episode_0010', 'mug_microwave/episode_0011', 'mug_microwave/episode_0013', 'mug_microwave/episode_0015', 'mug_microwave/episode_0016', 'stove_moka/episode_0001', 'stove_moka/episode_0004', 'stove_moka/episode_0005', 'stove_moka/episode_0006', 'stove_moka/episode_0007', 'stove_moka/episode_0010', 'stove_moka/episode_0013', 'stove_moka/episode_0014', 'stove_moka/episode_0015', 'stove_moka/episode_0017', 'stove_moka/episode_0018', 'stove_moka/episode_0019']","['bowl_drawer/episode_0001', 'bowl_drawer/episode_0005', 'bowl_drawer/episode_0013', 'bowl_drawer/episode_0014', 'mug_microwave/episode_0008', 'mug_microwave/episode_0012', 'mug_microwave/episode_0014', 'mug_microwave/episode_0017', 'stove_moka/episode_0002', 'stove_moka/episode_0011', 'stove_moka/episode_0012', 'stove_moka/episode_0016']","['bowl_drawer/episode_0008', 'bowl_drawer/episode_0011', 'bowl_drawer/episode_0017', 'bowl_drawer/episode_0018', 'mug_microwave/episode_0007', 'mug_microwave/episode_0009', 'mug_microwave/episode_0018', 'mug_microwave/episode_0019', 'stove_moka/episode_0000', 'stove_moka/episode_0003', 'stove_moka/episode_0008', 'stove_moka/episode_0009']",strict_streaming_first_rising_event,False,boundary_f1_at_5_then_10_then_stage_then_fp_then_loss,0.9607826461348741,0.9608294930875576,0.995049504950495,0.9262672811059908,0.9310344827586207,0.9953917050691244,14.5,1.0,1.0833333333333333,nan,0,0.08,1,12,11,0.08,1,12,11,reports/transformer_streaming_native_seed17_v1/checkpoints/R3b_vision_tokens__native__seed_53.pt,reports/transformer_streaming_native_seed17_v1/histories/R3b_vision_tokens__native__seed_53.json
R3b_vision_tokens,native,67,2048,2048,16,16,5,0.5530120066407034,0.95,0.2727272727272727,1585411,3.589211494344786,"['bowl_drawer/episode_0002', 'bowl_drawer/episode_0003', 'bowl_drawer/episode_0004', 'bowl_drawer/episode_0005', 'bowl_drawer/episode_0006', 'bowl_drawer/episode_0007', 'bowl_drawer/episode_0010', 'bowl_drawer/episode_0012', 'bowl_drawer/episode_0013', 'bowl_drawer/episode_0015', 'bowl_drawer/episode_0018', 'bowl_drawer/episode_0019', 'mug_microwave/episode_0000', 'mug_microwave/episode_0003', 'mug_microwave/episode_0004', 'mug_microwave/episode_0006', 'mug_microwave/episode_0009', 'mug_microwave/episode_0010', 'mug_microwave/episode_0012', 'mug_microwave/episode_0014', 'mug_microwave/episode_0016', 'mug_microwave/episode_0017', 'mug_microwave/episode_0018', 'mug_microwave/episode_0019', 'stove_moka/episode_0000', 'stove_moka/episode_0004', 'stove_moka/episode_0005', 'stove_moka/episode_0007', 'stove_moka/episode_0008', 'stove_moka/episode_0009', 'stove_moka/episode_0010', 'stove_moka/episode_0011', 'stove_moka/episode_0013', 'stove_moka/episode_0015', 'stove_moka/episode_0018', 'stove_moka/episode_0019']","['bowl_drawer/episode_0000', 'bowl_drawer/episode_0001', 'bowl_drawer/episode_0009', 'bowl_drawer/episode_0014', 'mug_microwave/episode_0002', 'mug_microwave/episode_0005', 'mug_microwave/episode_0011', 'mug_microwave/episode_0015', 'stove_moka/episode_0003', 'stove_moka/episode_0006', 'stove_moka/episode_0014', 'stove_moka/episode_0017']","['bowl_drawer/episode_0008', 'bowl_drawer/episode_0011', 'bowl_drawer/episode_0016', 'bowl_drawer/episode_0017', 'mug_microwave/episode_0001', 'mug_microwave/episode_0007', 'mug_microwave/episode_0008', 'mug_microwave/episode_0013', 'stove_moka/episode_0001', 'stove_moka/episode_0002', 'stove_moka/episode_0012', 'stove_moka/episode_0016']",strict_streaming_first_rising_event,False,boundary_f1_at_5_then_10_then_stage_then_fp_then_loss,0.98409426991823,0.9850427350427351,0.9672897196261683,1.0,1.0,0.9700854700854701,8.5,0.5833333333333334,1.0,nan,0,0.4166666666666667,5,7,7,0.5833333333333334,7,5,5,reports/transformer_streaming_native_seed17_v1/checkpoints/R3b_vision_tokens__native__seed_67.pt,reports/transformer_streaming_native_seed17_v1/histories/R3b_vision_tokens__native__seed_67.json
R3b_vision_tokens,common_256,17,2048,256,16,16,4,1.022514848164948,0.9,0.3333333333333333,1126659,3.567956025061559,"['bowl_drawer/episode_0003', 'bowl_drawer/episode_0004', 'bowl_drawer/episode_0005', 'bowl_drawer/episode_0006', 'bowl_drawer/episode_0007', 'bowl_drawer/episode_0008', 'bowl_drawer/episode_0009', 'bowl_drawer/episode_0012', 'bowl_drawer/episode_0014', 'bowl_drawer/episode_0016', 'bowl_drawer/episode_0017', 'bowl_drawer/episode_0018', 'mug_microwave/episode_0001', 'mug_microwave/episode_0002', 'mug_microwave/episode_0003', 'mug_microwave/episode_0006', 'mug_microwave/episode_0007', 'mug_microwave/episode_0009', 'mug_microwave/episode_0011', 'mug_microwave/episode_0013', 'mug_microwave/episode_0014', 'mug_microwave/episode_0016', 'mug_microwave/episode_0017', 'mug_microwave/episode_0018', 'stove_moka/episode_0002', 'stove_moka/episode_0003', 'stove_moka/episode_0004', 'stove_moka/episode_0006', 'stove_moka/episode_0007', 'stove_moka/episode_0008', 'stove_moka/episode_0009', 'stove_moka/episode_0010', 'stove_moka/episode_0011', 'stove_moka/episode_0013', 'stove_moka/episode_0014', 'stove_moka/episode_0019']","['bowl_drawer/episode_0000', 'bowl_drawer/episode_0001', 'bowl_drawer/episode_0013', 'bowl_drawer/episode_0015', 'mug_microwave/episode_0000', 'mug_microwave/episode_0008', 'mug_microwave/episode_0015', 'mug_microwave/episode_0019', 'stove_moka/episode_0000', 'stove_moka/episode_0005', 'stove_moka/episode_0015', 'stove_moka/episode_0016']","['bowl_drawer/episode_0002', 'bowl_drawer/episode_0010', 'bowl_drawer/episode_0011', 'bowl_drawer/episode_0019', 'mug_microwave/episode_0004', 'mug_microwave/episode_0005', 'mug_microwave/episode_0010', 'mug_microwave/episode_0012', 'stove_moka/episode_0001', 'stove_moka/episode_0012', 'stove_moka/episode_0017', 'stove_moka/episode_0018']",strict_streaming_first_rising_event,False,boundary_f1_at_5_then_10_then_stage_then_fp_then_loss,0.979934624088509,0.9797677691766362,0.9710144927536232,0.9901477832512315,0.9895833333333334,0.9693877551020408,9.5,0.75,1.0,nan,0,0.25,3,9,9,0.5833333333333334,7,5,5,reports/transformer_streaming_native_seed17_v1/checkpoints/R3b_vision_tokens__common_256__seed_17.pt,reports/transformer_streaming_native_seed17_v1/histories/R3b_vision_tokens__common_256__seed_17.json
R3b_vision_tokens,common_256,29,2048,256,16,16,2,0.31375209802672976,0.95,0.32,1126659,3.5545343146481927,"['bowl_drawer/episode_0000', 'bowl_drawer/episode_0001', 'bowl_drawer/episode_0003', 'bowl_drawer/episode_0004', 'bowl_drawer/episode_0005', 'bowl_drawer/episode_0007', 'bowl_drawer/episode_0008', 'bowl_drawer/episode_0011', 'bowl_drawer/episode_0013', 'bowl_drawer/episode_0014', 'bowl_drawer/episode_0015', 'bowl_drawer/episode_0016', 'mug_microwave/episode_0000', 'mug_microwave/episode_0002', 'mug_microwave/episode_0004', 'mug_microwave/episode_0008', 'mug_microwave/episode_0009', 'mug_microwave/episode_0012', 'mug_microwave/episode_0013', 'mug_microwave/episode_0014', 'mug_microwave/episode_0015', 'mug_microwave/episode_0016', 'mug_microwave/episode_0017', 'mug_microwave/episode_0019', 'stove_moka/episode_0000', 'stove_moka/episode_0002', 'stove_moka/episode_0003', 'stove_moka/episode_0006', 'stove_moka/episode_0007', 'stove_moka/episode_0008', 'stove_moka/episode_0009', 'stove_moka/episode_0011', 'stove_moka/episode_0013', 'stove_moka/episode_0017', 'stove_moka/episode_0018', 'stove_moka/episode_0019']","['bowl_drawer/episode_0002', 'bowl_drawer/episode_0006', 'bowl_drawer/episode_0010', 'bowl_drawer/episode_0012', 'mug_microwave/episode_0001', 'mug_microwave/episode_0005', 'mug_microwave/episode_0006', 'mug_microwave/episode_0018', 'stove_moka/episode_0001', 'stove_moka/episode_0005', 'stove_moka/episode_0015', 'stove_moka/episode_0016']","['bowl_drawer/episode_0009', 'bowl_drawer/episode_0017', 'bowl_drawer/episode_0018', 'bowl_drawer/episode_0019', 'mug_microwave/episode_0003', 'mug_microwave/episode_0007', 'mug_microwave/episode_0010', 'mug_microwave/episode_0011', 'stove_moka/episode_0004', 'stove_moka/episode_0010', 'stove_moka/episode_0012', 'stove_moka/episode_0014']",strict_streaming_first_rising_event,False,boundary_f1_at_5_then_10_then_stage_then_fp_then_loss,0.9003268889511534,0.9105306184528223,0.9783549783549783,0.846441947565543,0.8240343347639485,0.9746192893401016,13.0,0.75,0.9166666666666666,0.0,1,0.18181818181818182,2,9,9,0.2727272727272727,3,8,8,reports/transformer_streaming_native_seed17_v1/checkpoints/R3b_vision_tokens__common_256__seed_29.pt,reports/transformer_streaming_native_seed17_v1/histories/R3b_vision_tokens__common_256__seed_29.json
R3b_vision_tokens,common_256,41,2048,256,16,16,1,0.39302771201145276,0.95,0.32,1126659,3.5251688422421363,"['bowl_drawer/episode_0000', 'bowl_drawer/episode_0001', 'bowl_drawer/episode_0002', 'bowl_drawer/episode_0005', 'bowl_drawer/episode_0008', 'bowl_drawer/episode_0009', 'bowl_drawer/episode_0011', 'bowl_drawer/episode_0012', 'bowl_drawer/episode_0015', 'bowl_drawer/episode_0016', 'bowl_drawer/episode_0017', 'bowl_drawer/episode_0019', 'mug_microwave/episode_0001', 'mug_microwave/episode_0003', 'mug_microwave/episode_0004', 'mug_microwave/episode_0006', 'mug_microwave/episode_0007', 'mug_microwave/episode_0008', 'mug_microwave/episode_0009', 'mug_microwave/episode_0012', 'mug_microwave/episode_0014', 'mug_microwave/episode_0015', 'mug_microwave/episode_0017', 'mug_microwave/episode_0019', 'stove_moka/episode_0002', 'stove_moka/episode_0004', 'stove_moka/episode_0005', 'stove_moka/episode_0008', 'stove_moka/episode_0009', 'stove_moka/episode_0011', 'stove_moka/episode_0013', 'stove_moka/episode_0015', 'stove_moka/episode_0016', 'stove_moka/episode_0017', 'stove_moka/episode_0018', 'stove_moka/episode_0019']","['bowl_drawer/episode_0003', 'bowl_drawer/episode_0004', 'bowl_drawer/episode_0010', 'bowl_drawer/episode_0018', 'mug_microwave/episode_0005', 'mug_microwave/episode_0010', 'mug_microwave/episode_0013', 'mug_microwave/episode_0018', 'stove_moka/episode_0001', 'stove_moka/episode_0003', 'stove_moka/episode_0006', 'stove_moka/episode_0010']","['bowl_drawer/episode_0006', 'bowl_drawer/episode_0007', 'bowl_drawer/episode_0013', 'bowl_drawer/episode_0014', 'mug_microwave/episode_0000', 'mug_microwave/episode_0002', 'mug_microwave/episode_0011', 'mug_microwave/episode_0016', 'stove_moka/episode_0000', 'stove_moka/episode_0007', 'stove_moka/episode_0012', 'stove_moka/episode_0014']",strict_streaming_first_rising_event,False,boundary_f1_at_5_then_10_then_stage_then_fp_then_loss,0.9184519974226804,0.9330725771403738,0.99581589958159,0.8717948717948718,0.8341232227488151,0.9943502824858758,10.0,0.8333333333333334,1.0833333333333333,0.0,1,0.25,3,10,8,0.6666666666666666,8,5,3,reports/transformer_streaming_native_seed17_v1/checkpoints/R3b_vision_tokens__common_256__seed_41.pt,reports/transformer_streaming_native_seed17_v1/histories/R3b_vision_tokens__common_256__seed_41.json
R3b_vision_tokens,common_256,53,2048,256,16,16,5,0.6330881072253716,0.95,0.24,1126659,3.804639391719404,"['bowl_drawer/episode_0000', 'bowl_drawer/episode_0002', 'bowl_drawer/episode_0003', 'bowl_drawer/episode_0004', 'bowl_drawer/episode_0006', 'bowl_drawer/episode_0007', 'bowl_drawer/episode_0009', 'bowl_drawer/episode_0010', 'bowl_drawer/episode_0012', 'bowl_drawer/episode_0015', 'bowl_drawer/episode_0016', 'bowl_drawer/episode_0019', 'mug_microwave/episode_0000', 'mug_microwave/episode_0001', 'mug_microwave/episode_0002', 'mug_microwave/episode_0003', 'mug_microwave/episode_0004', 'mug_microwave/episode_0005', 'mug_microwave/episode_0006', 'mug_microwave/episode_0010', 'mug_microwave/episode_0011', 'mug_microwave/episode_0013', 'mug_microwave/episode_0015', 'mug_microwave/episode_0016', 'stove_moka/episode_0001', 'stove_moka/episode_0004', 'stove_moka/episode_0005', 'stove_moka/episode_0006', 'stove_moka/episode_0007', 'stove_moka/episode_0010', 'stove_moka/episode_0013', 'stove_moka/episode_0014', 'stove_moka/episode_0015', 'stove_moka/episode_0017', 'stove_moka/episode_0018', 'stove_moka/episode_0019']","['bowl_drawer/episode_0001', 'bowl_drawer/episode_0005', 'bowl_drawer/episode_0013', 'bowl_drawer/episode_0014', 'mug_microwave/episode_0008', 'mug_microwave/episode_0012', 'mug_microwave/episode_0014', 'mug_microwave/episode_0017', 'stove_moka/episode_0002', 'stove_moka/episode_0011', 'stove_moka/episode_0012', 'stove_moka/episode_0016']","['bowl_drawer/episode_0008', 'bowl_drawer/episode_0011', 'bowl_drawer/episode_0017', 'bowl_drawer/episode_0018', 'mug_microwave/episode_0007', 'mug_microwave/episode_0009', 'mug_microwave/episode_0018', 'mug_microwave/episode_0019', 'stove_moka/episode_0000', 'stove_moka/episode_0003', 'stove_moka/episode_0008', 'stove_moka/episode_0009']",strict_streaming_first_rising_event,False,boundary_f1_at_5_then_10_then_stage_then_fp_then_loss,0.9654229186031071,0.9654377880184332,0.9855769230769231,0.9447004608294931,0.9469026548672567,0.9861751152073732,11.5,1.0,1.0833333333333333,nan,0,0.08,1,12,11,0.4,5,8,7,reports/transformer_streaming_native_seed17_v1/checkpoints/R3b_vision_tokens__common_256__seed_53.pt,reports/transformer_streaming_native_seed17_v1/histories/R3b_vision_tokens__common_256__seed_53.json
R3b_vision_tokens,common_256,67,2048,256,16,16,2,0.4718760004431077,0.95,0.2727272727272727,1126659,3.701357907026918,"['bowl_drawer/episode_0002', 'bowl_drawer/episode_0003', 'bowl_drawer/episode_0004', 'bowl_drawer/episode_0005', 'bowl_drawer/episode_0006', 'bowl_drawer/episode_0007', 'bowl_drawer/episode_0010', 'bowl_drawer/episode_0012', 'bowl_drawer/episode_0013', 'bowl_drawer/episode_0015', 'bowl_drawer/episode_0018', 'bowl_drawer/episode_0019', 'mug_microwave/episode_0000', 'mug_microwave/episode_0003', 'mug_microwave/episode_0004', 'mug_microwave/episode_0006', 'mug_microwave/episode_0009', 'mug_microwave/episode_0010', 'mug_microwave/episode_0012', 'mug_microwave/episode_0014', 'mug_microwave/episode_0016', 'mug_microwave/episode_0017', 'mug_microwave/episode_0018', 'mug_microwave/episode_0019', 'stove_moka/episode_0000', 'stove_moka/episode_0004', 'stove_moka/episode_0005', 'stove_moka/episode_0007', 'stove_moka/episode_0008', 'stove_moka/episode_0009', 'stove_moka/episode_0010', 'stove_moka/episode_0011', 'stove_moka/episode_0013', 'stove_moka/episode_0015', 'stove_moka/episode_0018', 'stove_moka/episode_0019']","['bowl_drawer/episode_0000', 'bowl_drawer/episode_0001', 'bowl_drawer/episode_0009', 'bowl_drawer/episode_0014', 'mug_microwave/episode_0002', 'mug_microwave/episode_0005', 'mug_microwave/episode_0011', 'mug_microwave/episode_0015', 'stove_moka/episode_0003', 'stove_moka/episode_0006', 'stove_moka/episode_0014', 'stove_moka/episode_0017']","['bowl_drawer/episode_0008', 'bowl_drawer/episode_0011', 'bowl_drawer/episode_0016', 'bowl_drawer/episode_0017', 'mug_microwave/episode_0001', 'mug_microwave/episode_0007', 'mug_microwave/episode_0008', 'mug_microwave/episode_0013', 'stove_moka/episode_0001', 'stove_moka/episode_0002', 'stove_moka/episode_0012', 'stove_moka/episode_0016']",strict_streaming_first_rising_event,False,boundary_f1_at_5_then_10_then_stage_then_fp_then_loss,0.9818181818181818,0.982627276105537,0.9671361502347418,0.9951690821256038,0.9956140350877193,0.9700854700854701,15.5,0.75,0.8333333333333334,nan,0,0.09090909090909091,1,9,11,0.2727272727272727,3,7,9,reports/transformer_streaming_native_seed17_v1/checkpoints/R3b_vision_tokens__common_256__seed_67.pt,reports/transformer_streaming_native_seed17_v1/histories/R3b_vision_tokens__common_256__seed_67.json
R4_action_encoder,native,17,1536,1536,16,16,1,0.716104334321889,0.95,0.36363636363636365,1454339,12.347841654146055,"['bowl_drawer/episode_0003', 'bowl_drawer/episode_0004', 'bowl_drawer/episode_0005', 'bowl_drawer/episode_0006', 'bowl_drawer/episode_0007', 'bowl_drawer/episode_0008', 'bowl_drawer/episode_0009', 'bowl_drawer/episode_0012', 'bowl_drawer/episode_0014', 'bowl_drawer/episode_0016', 'bowl_drawer/episode_0017', 'bowl_drawer/episode_0018', 'mug_microwave/episode_0001', 'mug_microwave/episode_0002', 'mug_microwave/episode_0003', 'mug_microwave/episode_0006', 'mug_microwave/episode_0007', 'mug_microwave/episode_0009', 'mug_microwave/episode_0011', 'mug_microwave/episode_0013', 'mug_microwave/episode_0014', 'mug_microwave/episode_0016', 'mug_microwave/episode_0017', 'mug_microwave/episode_0018', 'stove_moka/episode_0002', 'stove_moka/episode_0003', 'stove_moka/episode_0004', 'stove_moka/episode_0006', 'stove_moka/episode_0007', 'stove_moka/episode_0008', 'stove_moka/episode_0009', 'stove_moka/episode_0010', 'stove_moka/episode_0011', 'stove_moka/episode_0013', 'stove_moka/episode_0014', 'stove_moka/episode_0019']","['bowl_drawer/episode_0000', 'bowl_drawer/episode_0001', 'bowl_drawer/episode_0013', 'bowl_drawer/episode_0015', 'mug_microwave/episode_0000', 'mug_microwave/episode_0008', 'mug_microwave/episode_0015', 'mug_microwave/episode_0019', 'stove_moka/episode_0000', 'stove_moka/episode_0005', 'stove_moka/episode_0015', 'stove_moka/episode_0016']","['bowl_drawer/episode_0002', 'bowl_drawer/episode_0010', 'bowl_drawer/episode_0011', 'bowl_drawer/episode_0019', 'mug_microwave/episode_0004', 'mug_microwave/episode_0005', 'mug_microwave/episode_0010', 'mug_microwave/episode_0012', 'stove_moka/episode_0001', 'stove_moka/episode_0012', 'stove_moka/episode_0017', 'stove_moka/episode_0018']",strict_streaming_first_rising_event,False,boundary_f1_at_5_then_10_then_stage_then_fp_then_loss,0.9824451134813734,0.9823187895847995,0.9757281553398058,0.9901477832512315,0.9896373056994818,0.9744897959183674,5.5,0.6666666666666666,1.0,nan,0,0.3333333333333333,4,8,8,0.5833333333333334,7,5,5,reports/transformer_streaming_native_seed17_v1/checkpoints/R4_action_encoder__native__seed_17.pt,reports/transformer_streaming_native_seed17_v1/histories/R4_action_encoder__native__seed_17.json
R4_action_encoder,native,29,1536,1536,16,16,1,0.4357236507393065,0.95,0.38095238095238093,1454339,3.5690052004268042,"['bowl_drawer/episode_0000', 'bowl_drawer/episode_0001', 'bowl_drawer/episode_0003', 'bowl_drawer/episode_0004', 'bowl_drawer/episode_0005', 'bowl_drawer/episode_0007', 'bowl_drawer/episode_0008', 'bowl_drawer/episode_0011', 'bowl_drawer/episode_0013', 'bowl_drawer/episode_0014', 'bowl_drawer/episode_0015', 'bowl_drawer/episode_0016', 'mug_microwave/episode_0000', 'mug_microwave/episode_0002', 'mug_microwave/episode_0004', 'mug_microwave/episode_0008', 'mug_microwave/episode_0009', 'mug_microwave/episode_0012', 'mug_microwave/episode_0013', 'mug_microwave/episode_0014', 'mug_microwave/episode_0015', 'mug_microwave/episode_0016', 'mug_microwave/episode_0017', 'mug_microwave/episode_0019', 'stove_moka/episode_0000', 'stove_moka/episode_0002', 'stove_moka/episode_0003', 'stove_moka/episode_0006', 'stove_moka/episode_0007', 'stove_moka/episode_0008', 'stove_moka/episode_0009', 'stove_moka/episode_0011', 'stove_moka/episode_0013', 'stove_moka/episode_0017', 'stove_moka/episode_0018', 'stove_moka/episode_0019']","['bowl_drawer/episode_0002', 'bowl_drawer/episode_0006', 'bowl_drawer/episode_0010', 'bowl_drawer/episode_0012', 'mug_microwave/episode_0001', 'mug_microwave/episode_0005', 'mug_microwave/episode_0006', 'mug_microwave/episode_0018', 'stove_moka/episode_0001', 'stove_moka/episode_0005', 'stove_moka/episode_0015', 'stove_moka/episode_0016']","['bowl_drawer/episode_0009', 'bowl_drawer/episode_0017', 'bowl_drawer/episode_0018', 'bowl_drawer/episode_0019', 'mug_microwave/episode_0003', 'mug_microwave/episode_0007', 'mug_microwave/episode_0010', 'mug_microwave/episode_0011', 'stove_moka/episode_0004', 'stove_moka/episode_0010', 'stove_moka/episode_0012', 'stove_moka/episode_0014']",strict_streaming_first_rising_event,False,boundary_f1_at_5_then_10_then_stage_then_fp_then_loss,0.8340324521184925,0.8518127721059336,0.9702970297029703,0.7340823970037453,0.7290076335877863,0.9695431472081218,7.5,0.6666666666666666,0.8333333333333334,0.0,1,0.19047619047619047,2,8,9,0.6666666666666666,7,3,4,reports/transformer_streaming_native_seed17_v1/checkpoints/R4_action_encoder__native__seed_29.pt,reports/transformer_streaming_native_seed17_v1/histories/R4_action_encoder__native__seed_29.json
R4_action_encoder,native,41,1536,1536,16,16,1,0.5462424286052621,0.6,0.2857142857142857,1454339,3.5726087400083393,"['bowl_drawer/episode_0000', 'bowl_drawer/episode_0001', 'bowl_drawer/episode_0002', 'bowl_drawer/episode_0005', 'bowl_drawer/episode_0008', 'bowl_drawer/episode_0009', 'bowl_drawer/episode_0011', 'bowl_drawer/episode_0012', 'bowl_drawer/episode_0015', 'bowl_drawer/episode_0016', 'bowl_drawer/episode_0017', 'bowl_drawer/episode_0019', 'mug_microwave/episode_0001', 'mug_microwave/episode_0003', 'mug_microwave/episode_0004', 'mug_microwave/episode_0006', 'mug_microwave/episode_0007', 'mug_microwave/episode_0008', 'mug_microwave/episode_0009', 'mug_microwave/episode_0012', 'mug_microwave/episode_0014', 'mug_microwave/episode_0015', 'mug_microwave/episode_0017', 'mug_microwave/episode_0019', 'stove_moka/episode_0002', 'stove_moka/episode_0004', 'stove_moka/episode_0005', 'stove_moka/episode_0008', 'stove_moka/episode_0009', 'stove_moka/episode_0011', 'stove_moka/episode_0013', 'stove_moka/episode_0015', 'stove_moka/episode_0016', 'stove_moka/episode_0017', 'stove_moka/episode_0018', 'stove_moka/episode_0019']","['bowl_drawer/episode_0003', 'bowl_drawer/episode_0004', 'bowl_drawer/episode_0010', 'bowl_drawer/episode_0018', 'mug_microwave/episode_0005', 'mug_microwave/episode_0010', 'mug_microwave/episode_0013', 'mug_microwave/episode_0018', 'stove_moka/episode_0001', 'stove_moka/episode_0003', 'stove_moka/episode_0006', 'stove_moka/episode_0010']","['bowl_drawer/episode_0006', 'bowl_drawer/episode_0007', 'bowl_drawer/episode_0013', 'bowl_drawer/episode_0014', 'mug_microwave/episode_0000', 'mug_microwave/episode_0002', 'mug_microwave/episode_0011', 'mug_microwave/episode_0016', 'stove_moka/episode_0000', 'stove_moka/episode_0007', 'stove_moka/episode_0012', 'stove_moka/episode_0014']",strict_streaming_first_rising_event,False,boundary_f1_at_5_then_10_then_stage_then_fp_then_loss,0.84375,0.8698081579437511,0.9903381642512077,0.7509157509157509,0.720164609053498,0.9887005649717514,18.0,1.4166666666666667,1.6666666666666667,1.0,1,0.1935483870967742,3,17,8,0.1935483870967742,3,17,8,reports/transformer_streaming_native_seed17_v1/checkpoints/R4_action_encoder__native__seed_41.pt,reports/transformer_streaming_native_seed17_v1/histories/R4_action_encoder__native__seed_41.json
R4_action_encoder,native,53,1536,1536,16,16,1,0.3960879802703857,0.95,0.5833333333333334,1454339,3.8526639308759427,"['bowl_drawer/episode_0000', 'bowl_drawer/episode_0002', 'bowl_drawer/episode_0003', 'bowl_drawer/episode_0004', 'bowl_drawer/episode_0006', 'bowl_drawer/episode_0007', 'bowl_drawer/episode_0009', 'bowl_drawer/episode_0010', 'bowl_drawer/episode_0012', 'bowl_drawer/episode_0015', 'bowl_drawer/episode_0016', 'bowl_drawer/episode_0019', 'mug_microwave/episode_0000', 'mug_microwave/episode_0001', 'mug_microwave/episode_0002', 'mug_microwave/episode_0003', 'mug_microwave/episode_0004', 'mug_microwave/episode_0005', 'mug_microwave/episode_0006', 'mug_microwave/episode_0010', 'mug_microwave/episode_0011', 'mug_microwave/episode_0013', 'mug_microwave/episode_0015', 'mug_microwave/episode_0016', 'stove_moka/episode_0001', 'stove_moka/episode_0004', 'stove_moka/episode_0005', 'stove_moka/episode_0006', 'stove_moka/episode_0007', 'stove_moka/episode_0010', 'stove_moka/episode_0013', 'stove_moka/episode_0014', 'stove_moka/episode_0015', 'stove_moka/episode_0017', 'stove_moka/episode_0018', 'stove_moka/episode_0019']","['bowl_drawer/episode_0001', 'bowl_drawer/episode_0005', 'bowl_drawer/episode_0013', 'bowl_drawer/episode_0014', 'mug_microwave/episode_0008', 'mug_microwave/episode_0012', 'mug_microwave/episode_0014', 'mug_microwave/episode_0017', 'stove_moka/episode_0002', 'stove_moka/episode_0011', 'stove_moka/episode_0012', 'stove_moka/episode_0016']","['bowl_drawer/episode_0008', 'bowl_drawer/episode_0011', 'bowl_drawer/episode_0017', 'bowl_drawer/episode_0018', 'mug_microwave/episode_0007', 'mug_microwave/episode_0009', 'mug_microwave/episode_0018', 'mug_microwave/episode_0019', 'stove_moka/episode_0000', 'stove_moka/episode_0003', 'stove_moka/episode_0008', 'stove_moka/episode_0009']",strict_streaming_first_rising_event,False,boundary_f1_at_5_then_10_then_stage_then_fp_then_loss,0.9331623359726404,0.9331797235023042,0.9196428571428571,0.9493087557603687,0.9476190476190476,0.9170506912442397,6.5,0.8333333333333334,1.25,nan,0,0.37037037037037035,5,10,7,0.6666666666666666,9,6,3,reports/transformer_streaming_native_seed17_v1/checkpoints/R4_action_encoder__native__seed_53.pt,reports/transformer_streaming_native_seed17_v1/histories/R4_action_encoder__native__seed_53.json
R4_action_encoder,native,67,1536,1536,16,16,4,1.1708444316890385,0.85,0.2727272727272727,1454339,5.503885081643376,"['bowl_drawer/episode_0002', 'bowl_drawer/episode_0003', 'bowl_drawer/episode_0004', 'bowl_drawer/episode_0005', 'bowl_drawer/episode_0006', 'bowl_drawer/episode_0007', 'bowl_drawer/episode_0010', 'bowl_drawer/episode_0012', 'bowl_drawer/episode_0013', 'bowl_drawer/episode_0015', 'bowl_drawer/episode_0018', 'bowl_drawer/episode_0019', 'mug_microwave/episode_0000', 'mug_microwave/episode_0003', 'mug_microwave/episode_0004', 'mug_microwave/episode_0006', 'mug_microwave/episode_0009', 'mug_microwave/episode_0010', 'mug_microwave/episode_0012', 'mug_microwave/episode_0014', 'mug_microwave/episode_0016', 'mug_microwave/episode_0017', 'mug_microwave/episode_0018', 'mug_microwave/episode_0019', 'stove_moka/episode_0000', 'stove_moka/episode_0004', 'stove_moka/episode_0005', 'stove_moka/episode_0007', 'stove_moka/episode_0008', 'stove_moka/episode_0009', 'stove_moka/episode_0010', 'stove_moka/episode_0011', 'stove_moka/episode_0013', 'stove_moka/episode_0015', 'stove_moka/episode_0018', 'stove_moka/episode_0019']","['bowl_drawer/episode_0000', 'bowl_drawer/episode_0001', 'bowl_drawer/episode_0009', 'bowl_drawer/episode_0014', 'mug_microwave/episode_0002', 'mug_microwave/episode_0005', 'mug_microwave/episode_0011', 'mug_microwave/episode_0015', 'stove_moka/episode_0003', 'stove_moka/episode_0006', 'stove_moka/episode_0014', 'stove_moka/episode_0017']","['bowl_drawer/episode_0008', 'bowl_drawer/episode_0011', 'bowl_drawer/episode_0016', 'bowl_drawer/episode_0017', 'mug_microwave/episode_0001', 'mug_microwave/episode_0007', 'mug_microwave/episode_0008', 'mug_microwave/episode_0013', 'stove_moka/episode_0001', 'stove_moka/episode_0002', 'stove_moka/episode_0012', 'stove_moka/episode_0016']",strict_streaming_first_rising_event,False,boundary_f1_at_5_then_10_then_stage_then_fp_then_loss,0.9795409207358876,0.9802118171683389,0.9669811320754716,0.9903381642512077,0.9912663755458515,0.9700854700854701,9.0,0.75,1.0833333333333333,nan,0,0.32,4,9,8,0.56,7,6,5,reports/transformer_streaming_native_seed17_v1/checkpoints/R4_action_encoder__native__seed_67.pt,reports/transformer_streaming_native_seed17_v1/histories/R4_action_encoder__native__seed_67.json
R4_action_encoder,common_256,17,1536,256,16,16,1,0.6515621740322608,0.95,0.38095238095238093,1126659,3.5776215288302198,"['bowl_drawer/episode_0003', 'bowl_drawer/episode_0004', 'bowl_drawer/episode_0005', 'bowl_drawer/episode_0006', 'bowl_drawer/episode_0007', 'bowl_drawer/episode_0008', 'bowl_drawer/episode_0009', 'bowl_drawer/episode_0012', 'bowl_drawer/episode_0014', 'bowl_drawer/episode_0016', 'bowl_drawer/episode_0017', 'bowl_drawer/episode_0018', 'mug_microwave/episode_0001', 'mug_microwave/episode_0002', 'mug_microwave/episode_0003', 'mug_microwave/episode_0006', 'mug_microwave/episode_0007', 'mug_microwave/episode_0009', 'mug_microwave/episode_0011', 'mug_microwave/episode_0013', 'mug_microwave/episode_0014', 'mug_microwave/episode_0016', 'mug_microwave/episode_0017', 'mug_microwave/episode_0018', 'stove_moka/episode_0002', 'stove_moka/episode_0003', 'stove_moka/episode_0004', 'stove_moka/episode_0006', 'stove_moka/episode_0007', 'stove_moka/episode_0008', 'stove_moka/episode_0009', 'stove_moka/episode_0010', 'stove_moka/episode_0011', 'stove_moka/episode_0013', 'stove_moka/episode_0014', 'stove_moka/episode_0019']","['bowl_drawer/episode_0000', 'bowl_drawer/episode_0001', 'bowl_drawer/episode_0013', 'bowl_drawer/episode_0015', 'mug_microwave/episode_0000', 'mug_microwave/episode_0008', 'mug_microwave/episode_0015', 'mug_microwave/episode_0019', 'stove_moka/episode_0000', 'stove_moka/episode_0005', 'stove_moka/episode_0015', 'stove_moka/episode_0016']","['bowl_drawer/episode_0002', 'bowl_drawer/episode_0010', 'bowl_drawer/episode_0011', 'bowl_drawer/episode_0019', 'mug_microwave/episode_0004', 'mug_microwave/episode_0005', 'mug_microwave/episode_0010', 'mug_microwave/episode_0012', 'stove_moka/episode_0001', 'stove_moka/episode_0012', 'stove_moka/episode_0017', 'stove_moka/episode_0018']",strict_streaming_first_rising_event,False,boundary_f1_at_5_then_10_then_stage_then_fp_then_loss,0.9849509680663817,0.9847818437719915,0.9758454106280193,0.9950738916256158,0.9947916666666666,0.9744897959183674,2.0,0.08333333333333333,0.5833333333333334,nan,0,0.631578947368421,6,1,6,0.631578947368421,6,1,6,reports/transformer_streaming_native_seed17_v1/checkpoints/R4_action_encoder__common_256__seed_17.pt,reports/transformer_streaming_native_seed17_v1/histories/R4_action_encoder__common_256__seed_17.json
R4_action_encoder,common_256,29,1536,256,16,16,1,0.5233449776967366,0.9,0.32,1126659,3.668387163786284,"['bowl_drawer/episode_0000', 'bowl_drawer/episode_0001', 'bowl_drawer/episode_0003', 'bowl_drawer/episode_0004', 'bowl_drawer/episode_0005', 'bowl_drawer/episode_0007', 'bowl_drawer/episode_0008', 'bowl_drawer/episode_0011', 'bowl_drawer/episode_0013', 'bowl_drawer/episode_0014', 'bowl_drawer/episode_0015', 'bowl_drawer/episode_0016', 'mug_microwave/episode_0000', 'mug_microwave/episode_0002', 'mug_microwave/episode_0004', 'mug_microwave/episode_0008', 'mug_microwave/episode_0009', 'mug_microwave/episode_0012', 'mug_microwave/episode_0013', 'mug_microwave/episode_0014', 'mug_microwave/episode_0015', 'mug_microwave/episode_0016', 'mug_microwave/episode_0017', 'mug_microwave/episode_0019', 'stove_moka/episode_0000', 'stove_moka/episode_0002', 'stove_moka/episode_0003', 'stove_moka/episode_0006', 'stove_moka/episode_0007', 'stove_moka/episode_0008', 'stove_moka/episode_0009', 'stove_moka/episode_0011', 'stove_moka/episode_0013', 'stove_moka/episode_0017', 'stove_moka/episode_0018', 'stove_moka/episode_0019']","['bowl_drawer/episode_0002', 'bowl_drawer/episode_0006', 'bowl_drawer/episode_0010', 'bowl_drawer/episode_0012', 'mug_microwave/episode_0001', 'mug_microwave/episode_0005', 'mug_microwave/episode_0006', 'mug_microwave/episode_0018', 'stove_moka/episode_0001', 'stove_moka/episode_0005', 'stove_moka/episode_0015', 'stove_moka/episode_0016']","['bowl_drawer/episode_0009', 'bowl_drawer/episode_0017', 'bowl_drawer/episode_0018', 'bowl_drawer/episode_0019', 'mug_microwave/episode_0003', 'mug_microwave/episode_0007', 'mug_microwave/episode_0010', 'mug_microwave/episode_0011', 'stove_moka/episode_0004', 'stove_moka/episode_0010', 'stove_moka/episode_0012', 'stove_moka/episode_0014']",strict_streaming_first_rising_event,False,boundary_f1_at_5_then_10_then_stage_then_fp_then_loss,0.84903695991671,0.8649213863381433,0.9712918660287081,0.7602996254681648,0.7490196078431373,0.9695431472081218,12.0,1.0833333333333333,1.25,1.0,1,0.15384615384615385,2,13,9,0.38461538461538464,5,10,6,reports/transformer_streaming_native_seed17_v1/checkpoints/R4_action_encoder__common_256__seed_29.pt,reports/transformer_streaming_native_seed17_v1/histories/R4_action_encoder__common_256__seed_29.json
R4_action_encoder,common_256,41,1536,256,16,16,1,0.45623796875193967,0.95,0.6086956521739131,1126659,3.788882666672685,"['bowl_drawer/episode_0000', 'bowl_drawer/episode_0001', 'bowl_drawer/episode_0002', 'bowl_drawer/episode_0005', 'bowl_drawer/episode_0008', 'bowl_drawer/episode_0009', 'bowl_drawer/episode_0011', 'bowl_drawer/episode_0012', 'bowl_drawer/episode_0015', 'bowl_drawer/episode_0016', 'bowl_drawer/episode_0017', 'bowl_drawer/episode_0019', 'mug_microwave/episode_0001', 'mug_microwave/episode_0003', 'mug_microwave/episode_0004', 'mug_microwave/episode_0006', 'mug_microwave/episode_0007', 'mug_microwave/episode_0008', 'mug_microwave/episode_0009', 'mug_microwave/episode_0012', 'mug_microwave/episode_0014', 'mug_microwave/episode_0015', 'mug_microwave/episode_0017', 'mug_microwave/episode_0019', 'stove_moka/episode_0002', 'stove_moka/episode_0004', 'stove_moka/episode_0005', 'stove_moka/episode_0008', 'stove_moka/episode_0009', 'stove_moka/episode_0011', 'stove_moka/episode_0013', 'stove_moka/episode_0015', 'stove_moka/episode_0016', 'stove_moka/episode_0017', 'stove_moka/episode_0018', 'stove_moka/episode_0019']","['bowl_drawer/episode_0003', 'bowl_drawer/episode_0004', 'bowl_drawer/episode_0010', 'bowl_drawer/episode_0018', 'mug_microwave/episode_0005', 'mug_microwave/episode_0010', 'mug_microwave/episode_0013', 'mug_microwave/episode_0018', 'stove_moka/episode_0001', 'stove_moka/episode_0003', 'stove_moka/episode_0006', 'stove_moka/episode_0010']","['bowl_drawer/episode_0006', 'bowl_drawer/episode_0007', 'bowl_drawer/episode_0013', 'bowl_drawer/episode_0014', 'mug_microwave/episode_0000', 'mug_microwave/episode_0002', 'mug_microwave/episode_0011', 'mug_microwave/episode_0016', 'stove_moka/episode_0000', 'stove_moka/episode_0007', 'stove_moka/episode_0012', 'stove_moka/episode_0014']",strict_streaming_first_rising_event,False,boundary_f1_at_5_then_10_then_stage_then_fp_then_loss,0.8456230019241191,0.868659588998572,0.9766355140186916,0.7655677655677655,0.7288135593220338,0.9717514124293786,2.0,0.3333333333333333,1.0,0.0,1,0.6956521739130435,8,4,3,0.8695652173913043,10,2,1,reports/transformer_streaming_native_seed17_v1/checkpoints/R4_action_encoder__common_256__seed_41.pt,reports/transformer_streaming_native_seed17_v1/histories/R4_action_encoder__common_256__seed_41.json
R4_action_encoder,common_256,53,1536,256,16,16,1,0.5024479150772094,0.95,0.36363636363636365,1126659,3.6100871359384183,"['bowl_drawer/episode_0000', 'bowl_drawer/episode_0002', 'bowl_drawer/episode_0003', 'bowl_drawer/episode_0004', 'bowl_drawer/episode_0006', 'bowl_drawer/episode_0007', 'bowl_drawer/episode_0009', 'bowl_drawer/episode_0010', 'bowl_drawer/episode_0012', 'bowl_drawer/episode_0015', 'bowl_drawer/episode_0016', 'bowl_drawer/episode_0019', 'mug_microwave/episode_0000', 'mug_microwave/episode_0001', 'mug_microwave/episode_0002', 'mug_microwave/episode_0003', 'mug_microwave/episode_0004', 'mug_microwave/episode_0005', 'mug_microwave/episode_0006', 'mug_microwave/episode_0010', 'mug_microwave/episode_0011', 'mug_microwave/episode_0013', 'mug_microwave/episode_0015', 'mug_microwave/episode_0016', 'stove_moka/episode_0001', 'stove_moka/episode_0004', 'stove_moka/episode_0005', 'stove_moka/episode_0006', 'stove_moka/episode_0007', 'stove_moka/episode_0010', 'stove_moka/episode_0013', 'stove_moka/episode_0014', 'stove_moka/episode_0015', 'stove_moka/episode_0017', 'stove_moka/episode_0018', 'stove_moka/episode_0019']","['bowl_drawer/episode_0001', 'bowl_drawer/episode_0005', 'bowl_drawer/episode_0013', 'bowl_drawer/episode_0014', 'mug_microwave/episode_0008', 'mug_microwave/episode_0012', 'mug_microwave/episode_0014', 'mug_microwave/episode_0017', 'stove_moka/episode_0002', 'stove_moka/episode_0011', 'stove_moka/episode_0012', 'stove_moka/episode_0016']","['bowl_drawer/episode_0008', 'bowl_drawer/episode_0011', 'bowl_drawer/episode_0017', 'bowl_drawer/episode_0018', 'mug_microwave/episode_0007', 'mug_microwave/episode_0009', 'mug_microwave/episode_0018', 'mug_microwave/episode_0019', 'stove_moka/episode_0000', 'stove_moka/episode_0003', 'stove_moka/episode_0008', 'stove_moka/episode_0009']",strict_streaming_first_rising_event,False,boundary_f1_at_5_then_10_then_stage_then_fp_then_loss,0.9354825008494734,0.935483870967742,0.9315068493150684,0.9400921658986175,0.9395348837209302,0.9308755760368663,4.0,0.5,1.0,nan,0,0.5,6,6,6,0.9166666666666666,11,1,1,reports/transformer_streaming_native_seed17_v1/checkpoints/R4_action_encoder__common_256__seed_53.pt,reports/transformer_streaming_native_seed17_v1/histories/R4_action_encoder__common_256__seed_53.json
R4_action_encoder,common_256,67,1536,256,16,16,1,0.8729721897746316,0.95,0.36363636363636365,1126659,3.6917011043164054,"['bowl_drawer/episode_0002', 'bowl_drawer/episode_0003', 'bowl_drawer/episode_0004', 'bowl_drawer/episode_0005', 'bowl_drawer/episode_0006', 'bowl_drawer/episode_0007', 'bowl_drawer/episode_0010', 'bowl_drawer/episode_0012', 'bowl_drawer/episode_0013', 'bowl_drawer/episode_0015', 'bowl_drawer/episode_0018', 'bowl_drawer/episode_0019', 'mug_microwave/episode_0000', 'mug_microwave/episode_0003', 'mug_microwave/episode_0004', 'mug_microwave/episode_0006', 'mug_microwave/episode_0009', 'mug_microwave/episode_0010', 'mug_microwave/episode_0012', 'mug_microwave/episode_0014', 'mug_microwave/episode_0016', 'mug_microwave/episode_0017', 'mug_microwave/episode_0018', 'mug_microwave/episode_0019', 'stove_moka/episode_0000', 'stove_moka/episode_0004', 'stove_moka/episode_0005', 'stove_moka/episode_0007', 'stove_moka/episode_0008', 'stove_moka/episode_0009', 'stove_moka/episode_0010', 'stove_moka/episode_0011', 'stove_moka/episode_0013', 'stove_moka/episode_0015', 'stove_moka/episode_0018', 'stove_moka/episode_0019']","['bowl_drawer/episode_0000', 'bowl_drawer/episode_0001', 'bowl_drawer/episode_0009', 'bowl_drawer/episode_0014', 'mug_microwave/episode_0002', 'mug_microwave/episode_0005', 'mug_microwave/episode_0011', 'mug_microwave/episode_0015', 'stove_moka/episode_0003', 'stove_moka/episode_0006', 'stove_moka/episode_0014', 'stove_moka/episode_0017']","['bowl_drawer/episode_0008', 'bowl_drawer/episode_0011', 'bowl_drawer/episode_0016', 'bowl_drawer/episode_0017', 'mug_microwave/episode_0001', 'mug_microwave/episode_0007', 'mug_microwave/episode_0008', 'mug_microwave/episode_0013', 'stove_moka/episode_0001', 'stove_moka/episode_0002', 'stove_moka/episode_0012', 'stove_moka/episode_0016']",strict_streaming_first_rising_event,False,boundary_f1_at_5_then_10_then_stage_then_fp_then_loss,0.9863433667781494,0.9863433667781494,0.9855072463768116,0.9855072463768116,0.9871794871794872,0.9871794871794872,5.0,0.4166666666666667,0.8333333333333334,nan,0,0.45454545454545453,5,5,7,0.6363636363636364,7,3,5,reports/transformer_streaming_native_seed17_v1/checkpoints/R4_action_encoder__common_256__seed_67.pt,reports/transformer_streaming_native_seed17_v1/histories/R4_action_encoder__common_256__seed_67.json
R5_final_dit_hidden,native,17,1024,1024,16,16,6,0.7515451787287587,0.95,0.25,1323267,3.566784441099479,"['bowl_drawer/episode_0003', 'bowl_drawer/episode_0004', 'bowl_drawer/episode_0005', 'bowl_drawer/episode_0006', 'bowl_drawer/episode_0007', 'bowl_drawer/episode_0008', 'bowl_drawer/episode_0009', 'bowl_drawer/episode_0012', 'bowl_drawer/episode_0014', 'bowl_drawer/episode_0016', 'bowl_drawer/episode_0017', 'bowl_drawer/episode_0018', 'mug_microwave/episode_0001', 'mug_microwave/episode_0002', 'mug_microwave/episode_0003', 'mug_microwave/episode_0006', 'mug_microwave/episode_0007', 'mug_microwave/episode_0009', 'mug_microwave/episode_0011', 'mug_microwave/episode_0013', 'mug_microwave/episode_0014', 'mug_microwave/episode_0016', 'mug_microwave/episode_0017', 'mug_microwave/episode_0018', 'stove_moka/episode_0002', 'stove_moka/episode_0003', 'stove_moka/episode_0004', 'stove_moka/episode_0006', 'stove_moka/episode_0007', 'stove_moka/episode_0008', 'stove_moka/episode_0009', 'stove_moka/episode_0010', 'stove_moka/episode_0011', 'stove_moka/episode_0013', 'stove_moka/episode_0014', 'stove_moka/episode_0019']","['bowl_drawer/episode_0000', 'bowl_drawer/episode_0001', 'bowl_drawer/episode_0013', 'bowl_drawer/episode_0015', 'mug_microwave/episode_0000', 'mug_microwave/episode_0008', 'mug_microwave/episode_0015', 'mug_microwave/episode_0019', 'stove_moka/episode_0000', 'stove_moka/episode_0005', 'stove_moka/episode_0015', 'stove_moka/episode_0016']","['bowl_drawer/episode_0002', 'bowl_drawer/episode_0010', 'bowl_drawer/episode_0011', 'bowl_drawer/episode_0019', 'mug_microwave/episode_0004', 'mug_microwave/episode_0005', 'mug_microwave/episode_0010', 'mug_microwave/episode_0012', 'stove_moka/episode_0001', 'stove_moka/episode_0012', 'stove_moka/episode_0017', 'stove_moka/episode_0018']",strict_streaming_first_rising_event,False,boundary_f1_at_5_then_10_then_stage_then_fp_then_loss,0.9899718508092892,0.9899718508092892,0.9901477832512315,0.9901477832512315,0.9897959183673469,0.9897959183673469,13.5,0.75,1.0,nan,0,0.25,3,9,9,0.3333333333333333,4,8,8,reports/transformer_streaming_native_seed17_v1/checkpoints/R5_final_dit_hidden__native__seed_17.pt,reports/transformer_streaming_native_seed17_v1/histories/R5_final_dit_hidden__native__seed_17.json
R5_final_dit_hidden,native,29,1024,1024,16,16,7,0.34649066846995125,0.95,0.16666666666666666,1323267,3.598331032317846,"['bowl_drawer/episode_0000', 'bowl_drawer/episode_0001', 'bowl_drawer/episode_0003', 'bowl_drawer/episode_0004', 'bowl_drawer/episode_0005', 'bowl_drawer/episode_0007', 'bowl_drawer/episode_0008', 'bowl_drawer/episode_0011', 'bowl_drawer/episode_0013', 'bowl_drawer/episode_0014', 'bowl_drawer/episode_0015', 'bowl_drawer/episode_0016', 'mug_microwave/episode_0000', 'mug_microwave/episode_0002', 'mug_microwave/episode_0004', 'mug_microwave/episode_0008', 'mug_microwave/episode_0009', 'mug_microwave/episode_0012', 'mug_microwave/episode_0013', 'mug_microwave/episode_0014', 'mug_microwave/episode_0015', 'mug_microwave/episode_0016', 'mug_microwave/episode_0017', 'mug_microwave/episode_0019', 'stove_moka/episode_0000', 'stove_moka/episode_0002', 'stove_moka/episode_0003', 'stove_moka/episode_0006', 'stove_moka/episode_0007', 'stove_moka/episode_0008', 'stove_moka/episode_0009', 'stove_moka/episode_0011', 'stove_moka/episode_0013', 'stove_moka/episode_0017', 'stove_moka/episode_0018', 'stove_moka/episode_0019']","['bowl_drawer/episode_0002', 'bowl_drawer/episode_0006', 'bowl_drawer/episode_0010', 'bowl_drawer/episode_0012', 'mug_microwave/episode_0001', 'mug_microwave/episode_0005', 'mug_microwave/episode_0006', 'mug_microwave/episode_0018', 'stove_moka/episode_0001', 'stove_moka/episode_0005', 'stove_moka/episode_0015', 'stove_moka/episode_0016']","['bowl_drawer/episode_0009', 'bowl_drawer/episode_0017', 'bowl_drawer/episode_0018', 'bowl_drawer/episode_0019', 'mug_microwave/episode_0003', 'mug_microwave/episode_0007', 'mug_microwave/episode_0010', 'mug_microwave/episode_0011', 'stove_moka/episode_0004', 'stove_moka/episode_0010', 'stove_moka/episode_0012', 'stove_moka/episode_0014']",strict_streaming_first_rising_event,False,boundary_f1_at_5_then_10_then_stage_then_fp_then_loss,0.84903695991671,0.8649213863381433,0.9712918660287081,0.7602996254681648,0.7490196078431373,0.9695431472081218,8.0,0.75,1.0,0.0,1,0.2608695652173913,3,9,8,0.6086956521739131,7,5,4,reports/transformer_streaming_native_seed17_v1/checkpoints/R5_final_dit_hidden__native__seed_29.pt,reports/transformer_streaming_native_seed17_v1/histories/R5_final_dit_hidden__native__seed_29.json
R5_final_dit_hidden,native,41,1024,1024,16,16,2,0.30624859435506363,0.85,0.23076923076923078,1323267,3.5826260444436127,"['bowl_drawer/episode_0000', 'bowl_drawer/episode_0001', 'bowl_drawer/episode_0002', 'bowl_drawer/episode_0005', 'bowl_drawer/episode_0008', 'bowl_drawer/episode_0009', 'bowl_drawer/episode_0011', 'bowl_drawer/episode_0012', 'bowl_drawer/episode_0015', 'bowl_drawer/episode_0016', 'bowl_drawer/episode_0017', 'bowl_drawer/episode_0019', 'mug_microwave/episode_0001', 'mug_microwave/episode_0003', 'mug_microwave/episode_0004', 'mug_microwave/episode_0006', 'mug_microwave/episode_0007', 'mug_microwave/episode_0008', 'mug_microwave/episode_0009', 'mug_microwave/episode_0012', 'mug_microwave/episode_0014', 'mug_microwave/episode_0015', 'mug_microwave/episode_0017', 'mug_microwave/episode_0019', 'stove_moka/episode_0002', 'stove_moka/episode_0004', 'stove_moka/episode_0005', 'stove_moka/episode_0008', 'stove_moka/episode_0009', 'stove_moka/episode_0011', 'stove_moka/episode_0013', 'stove_moka/episode_0015', 'stove_moka/episode_0016', 'stove_moka/episode_0017', 'stove_moka/episode_0018', 'stove_moka/episode_0019']","['bowl_drawer/episode_0003', 'bowl_drawer/episode_0004', 'bowl_drawer/episode_0010', 'bowl_drawer/episode_0018', 'mug_microwave/episode_0005', 'mug_microwave/episode_0010', 'mug_microwave/episode_0013', 'mug_microwave/episode_0018', 'stove_moka/episode_0001', 'stove_moka/episode_0003', 'stove_moka/episode_0006', 'stove_moka/episode_0010']","['bowl_drawer/episode_0006', 'bowl_drawer/episode_0007', 'bowl_drawer/episode_0013', 'bowl_drawer/episode_0014', 'mug_microwave/episode_0000', 'mug_microwave/episode_0002', 'mug_microwave/episode_0011', 'mug_microwave/episode_0016', 'stove_moka/episode_0000', 'stove_moka/episode_0007', 'stove_moka/episode_0012', 'stove_moka/episode_0014']",strict_streaming_first_rising_event,False,boundary_f1_at_5_then_10_then_stage_then_fp_then_loss,0.8416521700343458,0.8689700130378097,0.9950980392156863,0.7435897435897436,0.7154471544715447,0.9943502824858758,18.0,0.9166666666666666,0.9166666666666666,0.0,1,0.0,0,11,11,0.18181818181818182,2,9,9,reports/transformer_streaming_native_seed17_v1/checkpoints/R5_final_dit_hidden__native__seed_41.pt,reports/transformer_streaming_native_seed17_v1/histories/R5_final_dit_hidden__native__seed_41.json
R5_final_dit_hidden,native,53,1024,1024,16,16,2,0.5313932828423453,0.95,0.4166666666666667,1323267,3.7175704792609334,"['bowl_drawer/episode_0000', 'bowl_drawer/episode_0002', 'bowl_drawer/episode_0003', 'bowl_drawer/episode_0004', 'bowl_drawer/episode_0006', 'bowl_drawer/episode_0007', 'bowl_drawer/episode_0009', 'bowl_drawer/episode_0010', 'bowl_drawer/episode_0012', 'bowl_drawer/episode_0015', 'bowl_drawer/episode_0016', 'bowl_drawer/episode_0019', 'mug_microwave/episode_0000', 'mug_microwave/episode_0001', 'mug_microwave/episode_0002', 'mug_microwave/episode_0003', 'mug_microwave/episode_0004', 'mug_microwave/episode_0005', 'mug_microwave/episode_0006', 'mug_microwave/episode_0010', 'mug_microwave/episode_0011', 'mug_microwave/episode_0013', 'mug_microwave/episode_0015', 'mug_microwave/episode_0016', 'stove_moka/episode_0001', 'stove_moka/episode_0004', 'stove_moka/episode_0005', 'stove_moka/episode_0006', 'stove_moka/episode_0007', 'stove_moka/episode_0010', 'stove_moka/episode_0013', 'stove_moka/episode_0014', 'stove_moka/episode_0015', 'stove_moka/episode_0017', 'stove_moka/episode_0018', 'stove_moka/episode_0019']","['bowl_drawer/episode_0001', 'bowl_drawer/episode_0005', 'bowl_drawer/episode_0013', 'bowl_drawer/episode_0014', 'mug_microwave/episode_0008', 'mug_microwave/episode_0012', 'mug_microwave/episode_0014', 'mug_microwave/episode_0017', 'stove_moka/episode_0002', 'stove_moka/episode_0011', 'stove_moka/episode_0012', 'stove_moka/episode_0016']","['bowl_drawer/episode_0008', 'bowl_drawer/episode_0011', 'bowl_drawer/episode_0017', 'bowl_drawer/episode_0018', 'mug_microwave/episode_0007', 'mug_microwave/episode_0009', 'mug_microwave/episode_0018', 'mug_microwave/episode_0019', 'stove_moka/episode_0000', 'stove_moka/episode_0003', 'stove_moka/episode_0008', 'stove_moka/episode_0009']",strict_streaming_first_rising_event,False,boundary_f1_at_5_then_10_then_stage_then_fp_then_loss,0.9354345100206151,0.935483870967742,0.9126637554585153,0.9631336405529954,0.9609756097560975,0.9078341013824884,14.0,0.6666666666666666,0.9166666666666666,nan,0,0.2608695652173913,3,8,9,0.34782608695652173,4,7,8,reports/transformer_streaming_native_seed17_v1/checkpoints/R5_final_dit_hidden__native__seed_53.pt,reports/transformer_streaming_native_seed17_v1/histories/R5_final_dit_hidden__native__seed_53.json
R5_final_dit_hidden,native,67,1024,1024,16,16,6,1.1439930279287205,0.95,0.2727272727272727,1323267,3.7006821383065245,"['bowl_drawer/episode_0002', 'bowl_drawer/episode_0003', 'bowl_drawer/episode_0004', 'bowl_drawer/episode_0005', 'bowl_drawer/episode_0006', 'bowl_drawer/episode_0007', 'bowl_drawer/episode_0010', 'bowl_drawer/episode_0012', 'bowl_drawer/episode_0013', 'bowl_drawer/episode_0015', 'bowl_drawer/episode_0018', 'bowl_drawer/episode_0019', 'mug_microwave/episode_0000', 'mug_microwave/episode_0003', 'mug_microwave/episode_0004', 'mug_microwave/episode_0006', 'mug_microwave/episode_0009', 'mug_microwave/episode_0010', 'mug_microwave/episode_0012', 'mug_microwave/episode_0014', 'mug_microwave/episode_0016', 'mug_microwave/episode_0017', 'mug_microwave/episode_0018', 'mug_microwave/episode_0019', 'stove_moka/episode_0000', 'stove_moka/episode_0004', 'stove_moka/episode_0005', 'stove_moka/episode_0007', 'stove_moka/episode_0008', 'stove_moka/episode_0009', 'stove_moka/episode_0010', 'stove_moka/episode_0011', 'stove_moka/episode_0013', 'stove_moka/episode_0015', 'stove_moka/episode_0018', 'stove_moka/episode_0019']","['bowl_drawer/episode_0000', 'bowl_drawer/episode_0001', 'bowl_drawer/episode_0009', 'bowl_drawer/episode_0014', 'mug_microwave/episode_0002', 'mug_microwave/episode_0005', 'mug_microwave/episode_0011', 'mug_microwave/episode_0015', 'stove_moka/episode_0003', 'stove_moka/episode_0006', 'stove_moka/episode_0014', 'stove_moka/episode_0017']","['bowl_drawer/episode_0008', 'bowl_drawer/episode_0011', 'bowl_drawer/episode_0016', 'bowl_drawer/episode_0017', 'mug_microwave/episode_0001', 'mug_microwave/episode_0007', 'mug_microwave/episode_0008', 'mug_microwave/episode_0013', 'stove_moka/episode_0001', 'stove_moka/episode_0002', 'stove_moka/episode_0012', 'stove_moka/episode_0016']",strict_streaming_first_rising_event,False,boundary_f1_at_5_then_10_then_stage_then_fp_then_loss,0.9795312137386865,0.979933110367893,0.9714285714285714,0.9855072463768116,0.987012987012987,0.9743589743589743,6.0,0.5,0.9166666666666666,nan,0,0.43478260869565216,5,6,7,0.5217391304347826,6,5,6,reports/transformer_streaming_native_seed17_v1/checkpoints/R5_final_dit_hidden__native__seed_67.pt,reports/transformer_streaming_native_seed17_v1/histories/R5_final_dit_hidden__native__seed_67.json
R5_final_dit_hidden,common_256,17,1024,256,16,16,1,0.5615959517367475,0.95,0.1,1126659,3.466281859650359,"['bowl_drawer/episode_0003', 'bowl_drawer/episode_0004', 'bowl_drawer/episode_0005', 'bowl_drawer/episode_0006', 'bowl_drawer/episode_0007', 'bowl_drawer/episode_0008', 'bowl_drawer/episode_0009', 'bowl_drawer/episode_0012', 'bowl_drawer/episode_0014', 'bowl_drawer/episode_0016', 'bowl_drawer/episode_0017', 'bowl_drawer/episode_0018', 'mug_microwave/episode_0001', 'mug_microwave/episode_0002', 'mug_microwave/episode_0003', 'mug_microwave/episode_0006', 'mug_microwave/episode_0007', 'mug_microwave/episode_0009', 'mug_microwave/episode_0011', 'mug_microwave/episode_0013', 'mug_microwave/episode_0014', 'mug_microwave/episode_0016', 'mug_microwave/episode_0017', 'mug_microwave/episode_0018', 'stove_moka/episode_0002', 'stove_moka/episode_0003', 'stove_moka/episode_0004', 'stove_moka/episode_0006', 'stove_moka/episode_0007', 'stove_moka/episode_0008', 'stove_moka/episode_0009', 'stove_moka/episode_0010', 'stove_moka/episode_0011', 'stove_moka/episode_0013', 'stove_moka/episode_0014', 'stove_moka/episode_0019']","['bowl_drawer/episode_0000', 'bowl_drawer/episode_0001', 'bowl_drawer/episode_0013', 'bowl_drawer/episode_0015', 'mug_microwave/episode_0000', 'mug_microwave/episode_0008', 'mug_microwave/episode_0015', 'mug_microwave/episode_0019', 'stove_moka/episode_0000', 'stove_moka/episode_0005', 'stove_moka/episode_0015', 'stove_moka/episode_0016']","['bowl_drawer/episode_0002', 'bowl_drawer/episode_0010', 'bowl_drawer/episode_0011', 'bowl_drawer/episode_0019', 'mug_microwave/episode_0004', 'mug_microwave/episode_0005', 'mug_microwave/episode_0010', 'mug_microwave/episode_0012', 'stove_moka/episode_0001', 'stove_moka/episode_0012', 'stove_moka/episode_0017', 'stove_moka/episode_0018']",strict_streaming_first_rising_event,False,boundary_f1_at_5_then_10_then_stage_then_fp_then_loss,0.9774385072094995,0.9774806474313864,0.9801980198019802,0.9753694581280788,0.9746192893401016,0.9795918367346939,10.0,0.5833333333333334,0.8333333333333334,nan,0,0.2727272727272727,3,7,9,0.45454545454545453,5,5,7,reports/transformer_streaming_native_seed17_v1/checkpoints/R5_final_dit_hidden__common_256__seed_17.pt,reports/transformer_streaming_native_seed17_v1/histories/R5_final_dit_hidden__common_256__seed_17.json
R5_final_dit_hidden,common_256,29,1024,256,16,16,1,0.4192889656339373,0.95,0.5454545454545454,1126659,3.560565482770479,"['bowl_drawer/episode_0000', 'bowl_drawer/episode_0001', 'bowl_drawer/episode_0003', 'bowl_drawer/episode_0004', 'bowl_drawer/episode_0005', 'bowl_drawer/episode_0007', 'bowl_drawer/episode_0008', 'bowl_drawer/episode_0011', 'bowl_drawer/episode_0013', 'bowl_drawer/episode_0014', 'bowl_drawer/episode_0015', 'bowl_drawer/episode_0016', 'mug_microwave/episode_0000', 'mug_microwave/episode_0002', 'mug_microwave/episode_0004', 'mug_microwave/episode_0008', 'mug_microwave/episode_0009', 'mug_microwave/episode_0012', 'mug_microwave/episode_0013', 'mug_microwave/episode_0014', 'mug_microwave/episode_0015', 'mug_microwave/episode_0016', 'mug_microwave/episode_0017', 'mug_microwave/episode_0019', 'stove_moka/episode_0000', 'stove_moka/episode_0002', 'stove_moka/episode_0003', 'stove_moka/episode_0006', 'stove_moka/episode_0007', 'stove_moka/episode_0008', 'stove_moka/episode_0009', 'stove_moka/episode_0011', 'stove_moka/episode_0013', 'stove_moka/episode_0017', 'stove_moka/episode_0018', 'stove_moka/episode_0019']","['bowl_drawer/episode_0002', 'bowl_drawer/episode_0006', 'bowl_drawer/episode_0010', 'bowl_drawer/episode_0012', 'mug_microwave/episode_0001', 'mug_microwave/episode_0005', 'mug_microwave/episode_0006', 'mug_microwave/episode_0018', 'stove_moka/episode_0001', 'stove_moka/episode_0005', 'stove_moka/episode_0015', 'stove_moka/episode_0016']","['bowl_drawer/episode_0009', 'bowl_drawer/episode_0017', 'bowl_drawer/episode_0018', 'bowl_drawer/episode_0019', 'mug_microwave/episode_0003', 'mug_microwave/episode_0007', 'mug_microwave/episode_0010', 'mug_microwave/episode_0011', 'stove_moka/episode_0004', 'stove_moka/episode_0010', 'stove_moka/episode_0012', 'stove_moka/episode_0014']",strict_streaming_first_rising_event,False,boundary_f1_at_5_then_10_then_stage_then_fp_then_loss,0.891726403823178,0.9023745698587426,0.9737991266375546,0.8352059925093633,0.8127659574468085,0.9695431472081218,7.0,0.9166666666666666,1.25,0.0,1,0.3076923076923077,4,11,7,0.6153846153846154,8,7,3,reports/transformer_streaming_native_seed17_v1/checkpoints/R5_final_dit_hidden__common_256__seed_29.pt,reports/transformer_streaming_native_seed17_v1/histories/R5_final_dit_hidden__common_256__seed_29.json
R5_final_dit_hidden,common_256,41,1024,256,16,16,3,0.31127526464964517,0.95,0.3333333333333333,1126659,3.7406278244533393,"['bowl_drawer/episode_0000', 'bowl_drawer/episode_0001', 'bowl_drawer/episode_0002', 'bowl_drawer/episode_0005', 'bowl_drawer/episode_0008', 'bowl_drawer/episode_0009', 'bowl_drawer/episode_0011', 'bowl_drawer/episode_0012', 'bowl_drawer/episode_0015', 'bowl_drawer/episode_0016', 'bowl_drawer/episode_0017', 'bowl_drawer/episode_0019', 'mug_microwave/episode_0001', 'mug_microwave/episode_0003', 'mug_microwave/episode_0004', 'mug_microwave/episode_0006', 'mug_microwave/episode_0007', 'mug_microwave/episode_0008', 'mug_microwave/episode_0009', 'mug_microwave/episode_0012', 'mug_microwave/episode_0014', 'mug_microwave/episode_0015', 'mug_microwave/episode_0017', 'mug_microwave/episode_0019', 'stove_moka/episode_0002', 'stove_moka/episode_0004', 'stove_moka/episode_0005', 'stove_moka/episode_0008', 'stove_moka/episode_0009', 'stove_moka/episode_0011', 'stove_moka/episode_0013', 'stove_moka/episode_0015', 'stove_moka/episode_0016', 'stove_moka/episode_0017', 'stove_moka/episode_0018', 'stove_moka/episode_0019']","['bowl_drawer/episode_0003', 'bowl_drawer/episode_0004', 'bowl_drawer/episode_0010', 'bowl_drawer/episode_0018', 'mug_microwave/episode_0005', 'mug_microwave/episode_0010', 'mug_microwave/episode_0013', 'mug_microwave/episode_0018', 'stove_moka/episode_0001', 'stove_moka/episode_0003', 'stove_moka/episode_0006', 'stove_moka/episode_0010']","['bowl_drawer/episode_0006', 'bowl_drawer/episode_0007', 'bowl_drawer/episode_0013', 'bowl_drawer/episode_0014', 'mug_microwave/episode_0000', 'mug_microwave/episode_0002', 'mug_microwave/episode_0011', 'mug_microwave/episode_0016', 'stove_moka/episode_0000', 'stove_moka/episode_0007', 'stove_moka/episode_0012', 'stove_moka/episode_0014']",strict_streaming_first_rising_event,False,boundary_f1_at_5_then_10_then_stage_then_fp_then_loss,0.8461126722868995,0.8736263736263736,1.0,0.7472527472527473,0.7195121951219512,1.0,13.0,0.8333333333333334,0.9166666666666666,0.0,1,0.09090909090909091,1,10,10,0.36363636363636365,4,7,7,reports/transformer_streaming_native_seed17_v1/checkpoints/R5_final_dit_hidden__common_256__seed_41.pt,reports/transformer_streaming_native_seed17_v1/histories/R5_final_dit_hidden__common_256__seed_41.json
R5_final_dit_hidden,common_256,53,1024,256,16,16,3,0.41198536978989114,0.95,0.24,1126659,3.6395174009300426,"['bowl_drawer/episode_0000', 'bowl_drawer/episode_0002', 'bowl_drawer/episode_0003', 'bowl_drawer/episode_0004', 'bowl_drawer/episode_0006', 'bowl_drawer/episode_0007', 'bowl_drawer/episode_0009', 'bowl_drawer/episode_0010', 'bowl_drawer/episode_0012', 'bowl_drawer/episode_0015', 'bowl_drawer/episode_0016', 'bowl_drawer/episode_0019', 'mug_microwave/episode_0000', 'mug_microwave/episode_0001', 'mug_microwave/episode_0002', 'mug_microwave/episode_0003', 'mug_microwave/episode_0004', 'mug_microwave/episode_0005', 'mug_microwave/episode_0006', 'mug_microwave/episode_0010', 'mug_microwave/episode_0011', 'mug_microwave/episode_0013', 'mug_microwave/episode_0015', 'mug_microwave/episode_0016', 'stove_moka/episode_0001', 'stove_moka/episode_0004', 'stove_moka/episode_0005', 'stove_moka/episode_0006', 'stove_moka/episode_0007', 'stove_moka/episode_0010', 'stove_moka/episode_0013', 'stove_moka/episode_0014', 'stove_moka/episode_0015', 'stove_moka/episode_0017', 'stove_moka/episode_0018', 'stove_moka/episode_0019']","['bowl_drawer/episode_0001', 'bowl_drawer/episode_0005', 'bowl_drawer/episode_0013', 'bowl_drawer/episode_0014', 'mug_microwave/episode_0008', 'mug_microwave/episode_0012', 'mug_microwave/episode_0014', 'mug_microwave/episode_0017', 'stove_moka/episode_0002', 'stove_moka/episode_0011', 'stove_moka/episode_0012', 'stove_moka/episode_0016']","['bowl_drawer/episode_0008', 'bowl_drawer/episode_0011', 'bowl_drawer/episode_0017', 'bowl_drawer/episode_0018', 'mug_microwave/episode_0007', 'mug_microwave/episode_0009', 'mug_microwave/episode_0018', 'mug_microwave/episode_0019', 'stove_moka/episode_0000', 'stove_moka/episode_0003', 'stove_moka/episode_0008', 'stove_moka/episode_0009']",strict_streaming_first_rising_event,False,boundary_f1_at_5_then_10_then_stage_then_fp_then_loss,0.9308226893078019,0.9308755760368663,0.9082969432314411,0.9585253456221198,0.9560975609756097,0.9032258064516129,10.0,0.8333333333333334,1.0833333333333333,nan,0,0.24,3,10,9,0.48,6,7,6,reports/transformer_streaming_native_seed17_v1/checkpoints/R5_final_dit_hidden__common_256__seed_53.pt,reports/transformer_streaming_native_seed17_v1/histories/R5_final_dit_hidden__common_256__seed_53.json
R5_final_dit_hidden,common_256,67,1024,256,16,16,3,0.7316451052510712,0.95,0.0,1126659,3.3814042471456975,"['bowl_drawer/episode_0002', 'bowl_drawer/episode_0003', 'bowl_drawer/episode_0004', 'bowl_drawer/episode_0005', 'bowl_drawer/episode_0006', 'bowl_drawer/episode_0007', 'bowl_drawer/episode_0010', 'bowl_drawer/episode_0012', 'bowl_drawer/episode_0013', 'bowl_drawer/episode_0015', 'bowl_drawer/episode_0018', 'bowl_drawer/episode_0019', 'mug_microwave/episode_0000', 'mug_microwave/episode_0003', 'mug_microwave/episode_0004', 'mug_microwave/episode_0006', 'mug_microwave/episode_0009', 'mug_microwave/episode_0010', 'mug_microwave/episode_0012', 'mug_microwave/episode_0014', 'mug_microwave/episode_0016', 'mug_microwave/episode_0017', 'mug_microwave/episode_0018', 'mug_microwave/episode_0019', 'stove_moka/episode_0000', 'stove_moka/episode_0004', 'stove_moka/episode_0005', 'stove_moka/episode_0007', 'stove_moka/episode_0008', 'stove_moka/episode_0009', 'stove_moka/episode_0010', 'stove_moka/episode_0011', 'stove_moka/episode_0013', 'stove_moka/episode_0015', 'stove_moka/episode_0018', 'stove_moka/episode_0019']","['bowl_drawer/episode_0000', 'bowl_drawer/episode_0001', 'bowl_drawer/episode_0009', 'bowl_drawer/episode_0014', 'mug_microwave/episode_0002', 'mug_microwave/episode_0005', 'mug_microwave/episode_0011', 'mug_microwave/episode_0015', 'stove_moka/episode_0003', 'stove_moka/episode_0006', 'stove_moka/episode_0014', 'stove_moka/episode_0017']","['bowl_drawer/episode_0008', 'bowl_drawer/episode_0011', 'bowl_drawer/episode_0016', 'bowl_drawer/episode_0017', 'mug_microwave/episode_0001', 'mug_microwave/episode_0007', 'mug_microwave/episode_0008', 'mug_microwave/episode_0013', 'stove_moka/episode_0001', 'stove_moka/episode_0002', 'stove_moka/episode_0012', 'stove_moka/episode_0016']",strict_streaming_first_rising_event,False,boundary_f1_at_5_then_10_then_stage_then_fp_then_loss,0.9931656515877074,0.9927536231884058,1.0,0.9855072463768116,0.9873417721518988,1.0,10.5,0.9166666666666666,1.0,nan,0,0.08333333333333333,1,11,11,0.5,6,6,6,reports/transformer_streaming_native_seed17_v1/checkpoints/R5_final_dit_hidden__common_256__seed_67.pt,reports/transformer_streaming_native_seed17_v1/histories/R5_final_dit_hidden__common_256__seed_67.json
R6_vlm_dit_concat,native,17,3072,3072,16,16,7,0.8473888028413057,0.85,0.08333333333333333,1847555,3.6799055413378445,"['bowl_drawer/episode_0003', 'bowl_drawer/episode_0004', 'bowl_drawer/episode_0005', 'bowl_drawer/episode_0006', 'bowl_drawer/episode_0007', 'bowl_drawer/episode_0008', 'bowl_drawer/episode_0009', 'bowl_drawer/episode_0012', 'bowl_drawer/episode_0014', 'bowl_drawer/episode_0016', 'bowl_drawer/episode_0017', 'bowl_drawer/episode_0018', 'mug_microwave/episode_0001', 'mug_microwave/episode_0002', 'mug_microwave/episode_0003', 'mug_microwave/episode_0006', 'mug_microwave/episode_0007', 'mug_microwave/episode_0009', 'mug_microwave/episode_0011', 'mug_microwave/episode_0013', 'mug_microwave/episode_0014', 'mug_microwave/episode_0016', 'mug_microwave/episode_0017', 'mug_microwave/episode_0018', 'stove_moka/episode_0002', 'stove_moka/episode_0003', 'stove_moka/episode_0004', 'stove_moka/episode_0006', 'stove_moka/episode_0007', 'stove_moka/episode_0008', 'stove_moka/episode_0009', 'stove_moka/episode_0010', 'stove_moka/episode_0011', 'stove_moka/episode_0013', 'stove_moka/episode_0014', 'stove_moka/episode_0019']","['bowl_drawer/episode_0000', 'bowl_drawer/episode_0001', 'bowl_drawer/episode_0013', 'bowl_drawer/episode_0015', 'mug_microwave/episode_0000', 'mug_microwave/episode_0008', 'mug_microwave/episode_0015', 'mug_microwave/episode_0019', 'stove_moka/episode_0000', 'stove_moka/episode_0005', 'stove_moka/episode_0015', 'stove_moka/episode_0016']","['bowl_drawer/episode_0002', 'bowl_drawer/episode_0010', 'bowl_drawer/episode_0011', 'bowl_drawer/episode_0019', 'mug_microwave/episode_0004', 'mug_microwave/episode_0005', 'mug_microwave/episode_0010', 'mug_microwave/episode_0012', 'stove_moka/episode_0001', 'stove_moka/episode_0012', 'stove_moka/episode_0017', 'stove_moka/episode_0018']",strict_streaming_first_rising_event,False,boundary_f1_at_5_then_10_then_stage_then_fp_then_loss,0.9899733628185153,0.9900598170302604,0.9950248756218906,0.9852216748768473,0.9848484848484849,0.9948979591836735,10.0,0.9166666666666666,1.0,nan,0,0.08333333333333333,1,11,11,0.6666666666666666,8,4,4,reports/transformer_streaming_native_seed17_v1/checkpoints/R6_vlm_dit_concat__native__seed_17.pt,reports/transformer_streaming_native_seed17_v1/histories/R6_vlm_dit_concat__native__seed_17.json
R6_vlm_dit_concat,native,29,3072,3072,16,16,1,0.3777520063377562,0.95,0.25,1847555,3.735081978449812,"['bowl_drawer/episode_0000', 'bowl_drawer/episode_0001', 'bowl_drawer/episode_0003', 'bowl_drawer/episode_0004', 'bowl_drawer/episode_0005', 'bowl_drawer/episode_0007', 'bowl_drawer/episode_0008', 'bowl_drawer/episode_0011', 'bowl_drawer/episode_0013', 'bowl_drawer/episode_0014', 'bowl_drawer/episode_0015', 'bowl_drawer/episode_0016', 'mug_microwave/episode_0000', 'mug_microwave/episode_0002', 'mug_microwave/episode_0004', 'mug_microwave/episode_0008', 'mug_microwave/episode_0009', 'mug_microwave/episode_0012', 'mug_microwave/episode_0013', 'mug_microwave/episode_0014', 'mug_microwave/episode_0015', 'mug_microwave/episode_0016', 'mug_microwave/episode_0017', 'mug_microwave/episode_0019', 'stove_moka/episode_0000', 'stove_moka/episode_0002', 'stove_moka/episode_0003', 'stove_moka/episode_0006', 'stove_moka/episode_0007', 'stove_moka/episode_0008', 'stove_moka/episode_0009', 'stove_moka/episode_0011', 'stove_moka/episode_0013', 'stove_moka/episode_0017', 'stove_moka/episode_0018', 'stove_moka/episode_0019']","['bowl_drawer/episode_0002', 'bowl_drawer/episode_0006', 'bowl_drawer/episode_0010', 'bowl_drawer/episode_0012', 'mug_microwave/episode_0001', 'mug_microwave/episode_0005', 'mug_microwave/episode_0006', 'mug_microwave/episode_0018', 'stove_moka/episode_0001', 'stove_moka/episode_0005', 'stove_moka/episode_0015', 'stove_moka/episode_0016']","['bowl_drawer/episode_0009', 'bowl_drawer/episode_0017', 'bowl_drawer/episode_0018', 'bowl_drawer/episode_0019', 'mug_microwave/episode_0003', 'mug_microwave/episode_0007', 'mug_microwave/episode_0010', 'mug_microwave/episode_0011', 'stove_moka/episode_0004', 'stove_moka/episode_0010', 'stove_moka/episode_0012', 'stove_moka/episode_0014']",strict_streaming_first_rising_event,False,boundary_f1_at_5_then_10_then_stage_then_fp_then_loss,0.8810627915755918,0.8930112739785927,0.9732142857142857,0.8164794007490637,0.7958333333333333,0.9695431472081218,10.0,0.8333333333333334,0.9166666666666666,0.0,1,0.09090909090909091,1,10,10,0.5454545454545454,6,5,5,reports/transformer_streaming_native_seed17_v1/checkpoints/R6_vlm_dit_concat__native__seed_29.pt,reports/transformer_streaming_native_seed17_v1/histories/R6_vlm_dit_concat__native__seed_29.json
R6_vlm_dit_concat,native,41,3072,3072,16,16,4,0.17979217188987548,0.95,0.32,1847555,4.4929588422352635,"['bowl_drawer/episode_0000', 'bowl_drawer/episode_0001', 'bowl_drawer/episode_0002', 'bowl_drawer/episode_0005', 'bowl_drawer/episode_0008', 'bowl_drawer/episode_0009', 'bowl_drawer/episode_0011', 'bowl_drawer/episode_0012', 'bowl_drawer/episode_0015', 'bowl_drawer/episode_0016', 'bowl_drawer/episode_0017', 'bowl_drawer/episode_0019', 'mug_microwave/episode_0001', 'mug_microwave/episode_0003', 'mug_microwave/episode_0004', 'mug_microwave/episode_0006', 'mug_microwave/episode_0007', 'mug_microwave/episode_0008', 'mug_microwave/episode_0009', 'mug_microwave/episode_0012', 'mug_microwave/episode_0014', 'mug_microwave/episode_0015', 'mug_microwave/episode_0017', 'mug_microwave/episode_0019', 'stove_moka/episode_0002', 'stove_moka/episode_0004', 'stove_moka/episode_0005', 'stove_moka/episode_0008', 'stove_moka/episode_0009', 'stove_moka/episode_0011', 'stove_moka/episode_0013', 'stove_moka/episode_0015', 'stove_moka/episode_0016', 'stove_moka/episode_0017', 'stove_moka/episode_0018', 'stove_moka/episode_0019']","['bowl_drawer/episode_0003', 'bowl_drawer/episode_0004', 'bowl_drawer/episode_0010', 'bowl_drawer/episode_0018', 'mug_microwave/episode_0005', 'mug_microwave/episode_0010', 'mug_microwave/episode_0013', 'mug_microwave/episode_0018', 'stove_moka/episode_0001', 'stove_moka/episode_0003', 'stove_moka/episode_0006', 'stove_moka/episode_0010']","['bowl_drawer/episode_0006', 'bowl_drawer/episode_0007', 'bowl_drawer/episode_0013', 'bowl_drawer/episode_0014', 'mug_microwave/episode_0000', 'mug_microwave/episode_0002', 'mug_microwave/episode_0011', 'mug_microwave/episode_0016', 'stove_moka/episode_0000', 'stove_moka/episode_0007', 'stove_moka/episode_0012', 'stove_moka/episode_0014']",strict_streaming_first_rising_event,False,boundary_f1_at_5_then_10_then_stage_then_fp_then_loss,0.8809232566615575,0.9009436890792824,0.9910714285714286,0.8131868131868132,0.7743362831858407,0.9887005649717514,13.0,0.75,0.9166666666666666,0.0,1,0.18181818181818182,2,9,9,0.45454545454545453,5,6,6,reports/transformer_streaming_native_seed17_v1/checkpoints/R6_vlm_dit_concat__native__seed_41.pt,reports/transformer_streaming_native_seed17_v1/histories/R6_vlm_dit_concat__native__seed_41.json
R6_vlm_dit_concat,native,53,3072,3072,16,16,5,0.5374317177912084,0.95,0.16666666666666666,1847555,3.6232693502294797,"['bowl_drawer/episode_0000', 'bowl_drawer/episode_0002', 'bowl_drawer/episode_0003', 'bowl_drawer/episode_0004', 'bowl_drawer/episode_0006', 'bowl_drawer/episode_0007', 'bowl_drawer/episode_0009', 'bowl_drawer/episode_0010', 'bowl_drawer/episode_0012', 'bowl_drawer/episode_0015', 'bowl_drawer/episode_0016', 'bowl_drawer/episode_0019', 'mug_microwave/episode_0000', 'mug_microwave/episode_0001', 'mug_microwave/episode_0002', 'mug_microwave/episode_0003', 'mug_microwave/episode_0004', 'mug_microwave/episode_0005', 'mug_microwave/episode_0006', 'mug_microwave/episode_0010', 'mug_microwave/episode_0011', 'mug_microwave/episode_0013', 'mug_microwave/episode_0015', 'mug_microwave/episode_0016', 'stove_moka/episode_0001', 'stove_moka/episode_0004', 'stove_moka/episode_0005', 'stove_moka/episode_0006', 'stove_moka/episode_0007', 'stove_moka/episode_0010', 'stove_moka/episode_0013', 'stove_moka/episode_0014', 'stove_moka/episode_0015', 'stove_moka/episode_0017', 'stove_moka/episode_0018', 'stove_moka/episode_0019']","['bowl_drawer/episode_0001', 'bowl_drawer/episode_0005', 'bowl_drawer/episode_0013', 'bowl_drawer/episode_0014', 'mug_microwave/episode_0008', 'mug_microwave/episode_0012', 'mug_microwave/episode_0014', 'mug_microwave/episode_0017', 'stove_moka/episode_0002', 'stove_moka/episode_0011', 'stove_moka/episode_0012', 'stove_moka/episode_0016']","['bowl_drawer/episode_0008', 'bowl_drawer/episode_0011', 'bowl_drawer/episode_0017', 'bowl_drawer/episode_0018', 'mug_microwave/episode_0007', 'mug_microwave/episode_0009', 'mug_microwave/episode_0018', 'mug_microwave/episode_0019', 'stove_moka/episode_0000', 'stove_moka/episode_0003', 'stove_moka/episode_0008', 'stove_moka/episode_0009']",strict_streaming_first_rising_event,False,boundary_f1_at_5_then_10_then_stage_then_fp_then_loss,0.9677391950727408,0.967741935483871,0.9592760180995475,0.9769585253456221,0.9765258215962441,0.9585253456221198,7.0,0.75,1.0,nan,0,0.25,3,9,9,0.6666666666666666,8,4,4,reports/transformer_streaming_native_seed17_v1/checkpoints/R6_vlm_dit_concat__native__seed_53.pt,reports/transformer_streaming_native_seed17_v1/histories/R6_vlm_dit_concat__native__seed_53.json
R6_vlm_dit_concat,native,67,3072,3072,16,16,2,0.7914074342487628,0.95,0.36363636363636365,1847555,3.6314415646314595,"['bowl_drawer/episode_0002', 'bowl_drawer/episode_0003', 'bowl_drawer/episode_0004', 'bowl_drawer/episode_0005', 'bowl_drawer/episode_0006', 'bowl_drawer/episode_0007', 'bowl_drawer/episode_0010', 'bowl_drawer/episode_0012', 'bowl_drawer/episode_0013', 'bowl_drawer/episode_0015', 'bowl_drawer/episode_0018', 'bowl_drawer/episode_0019', 'mug_microwave/episode_0000', 'mug_microwave/episode_0003', 'mug_microwave/episode_0004', 'mug_microwave/episode_0006', 'mug_microwave/episode_0009', 'mug_microwave/episode_0010', 'mug_microwave/episode_0012', 'mug_microwave/episode_0014', 'mug_microwave/episode_0016', 'mug_microwave/episode_0017', 'mug_microwave/episode_0018', 'mug_microwave/episode_0019', 'stove_moka/episode_0000', 'stove_moka/episode_0004', 'stove_moka/episode_0005', 'stove_moka/episode_0007', 'stove_moka/episode_0008', 'stove_moka/episode_0009', 'stove_moka/episode_0010', 'stove_moka/episode_0011', 'stove_moka/episode_0013', 'stove_moka/episode_0015', 'stove_moka/episode_0018', 'stove_moka/episode_0019']","['bowl_drawer/episode_0000', 'bowl_drawer/episode_0001', 'bowl_drawer/episode_0009', 'bowl_drawer/episode_0014', 'mug_microwave/episode_0002', 'mug_microwave/episode_0005', 'mug_microwave/episode_0011', 'mug_microwave/episode_0015', 'stove_moka/episode_0003', 'stove_moka/episode_0006', 'stove_moka/episode_0014', 'stove_moka/episode_0017']","['bowl_drawer/episode_0008', 'bowl_drawer/episode_0011', 'bowl_drawer/episode_0016', 'bowl_drawer/episode_0017', 'mug_microwave/episode_0001', 'mug_microwave/episode_0007', 'mug_microwave/episode_0008', 'mug_microwave/episode_0013', 'stove_moka/episode_0001', 'stove_moka/episode_0002', 'stove_moka/episode_0012', 'stove_moka/episode_0016']",strict_streaming_first_rising_event,False,boundary_f1_at_5_then_10_then_stage_then_fp_then_loss,0.988633844853271,0.9893162393162394,0.9764150943396226,1.0,1.0,0.9786324786324786,8.0,0.6666666666666666,0.9166666666666666,nan,0,0.2608695652173913,3,8,9,0.8695652173913043,10,1,2,reports/transformer_streaming_native_seed17_v1/checkpoints/R6_vlm_dit_concat__native__seed_67.pt,reports/transformer_streaming_native_seed17_v1/histories/R6_vlm_dit_concat__native__seed_67.json
R6_vlm_dit_concat,common_256,17,3072,256,16,16,1,0.4957651942194282,0.95,0.36363636363636365,1126659,3.7614170576405077,"['bowl_drawer/episode_0003', 'bowl_drawer/episode_0004', 'bowl_drawer/episode_0005', 'bowl_drawer/episode_0006', 'bowl_drawer/episode_0007', 'bowl_drawer/episode_0008', 'bowl_drawer/episode_0009', 'bowl_drawer/episode_0012', 'bowl_drawer/episode_0014', 'bowl_drawer/episode_0016', 'bowl_drawer/episode_0017', 'bowl_drawer/episode_0018', 'mug_microwave/episode_0001', 'mug_microwave/episode_0002', 'mug_microwave/episode_0003', 'mug_microwave/episode_0006', 'mug_microwave/episode_0007', 'mug_microwave/episode_0009', 'mug_microwave/episode_0011', 'mug_microwave/episode_0013', 'mug_microwave/episode_0014', 'mug_microwave/episode_0016', 'mug_microwave/episode_0017', 'mug_microwave/episode_0018', 'stove_moka/episode_0002', 'stove_moka/episode_0003', 'stove_moka/episode_0004', 'stove_moka/episode_0006', 'stove_moka/episode_0007', 'stove_moka/episode_0008', 'stove_moka/episode_0009', 'stove_moka/episode_0010', 'stove_moka/episode_0011', 'stove_moka/episode_0013', 'stove_moka/episode_0014', 'stove_moka/episode_0019']","['bowl_drawer/episode_0000', 'bowl_drawer/episode_0001', 'bowl_drawer/episode_0013', 'bowl_drawer/episode_0015', 'mug_microwave/episode_0000', 'mug_microwave/episode_0008', 'mug_microwave/episode_0015', 'mug_microwave/episode_0019', 'stove_moka/episode_0000', 'stove_moka/episode_0005', 'stove_moka/episode_0015', 'stove_moka/episode_0016']","['bowl_drawer/episode_0002', 'bowl_drawer/episode_0010', 'bowl_drawer/episode_0011', 'bowl_drawer/episode_0019', 'mug_microwave/episode_0004', 'mug_microwave/episode_0005', 'mug_microwave/episode_0010', 'mug_microwave/episode_0012', 'stove_moka/episode_0001', 'stove_moka/episode_0012', 'stove_moka/episode_0017', 'stove_moka/episode_0018']",strict_streaming_first_rising_event,False,boundary_f1_at_5_then_10_then_stage_then_fp_then_loss,0.9849547511312218,0.9848698099929627,0.9804878048780488,0.9901477832512315,0.9896907216494846,0.9795918367346939,2.0,0.4166666666666667,1.1666666666666667,nan,0,0.6923076923076923,9,5,3,0.7692307692307693,10,4,2,reports/transformer_streaming_native_seed17_v1/checkpoints/R6_vlm_dit_concat__common_256__seed_17.pt,reports/transformer_streaming_native_seed17_v1/histories/R6_vlm_dit_concat__common_256__seed_17.json
R6_vlm_dit_concat,common_256,29,3072,256,16,16,1,0.4452926698185149,0.95,0.38461538461538464,1126659,5.2553310064573795,"['bowl_drawer/episode_0000', 'bowl_drawer/episode_0001', 'bowl_drawer/episode_0003', 'bowl_drawer/episode_0004', 'bowl_drawer/episode_0005', 'bowl_drawer/episode_0007', 'bowl_drawer/episode_0008', 'bowl_drawer/episode_0011', 'bowl_drawer/episode_0013', 'bowl_drawer/episode_0014', 'bowl_drawer/episode_0015', 'bowl_drawer/episode_0016', 'mug_microwave/episode_0000', 'mug_microwave/episode_0002', 'mug_microwave/episode_0004', 'mug_microwave/episode_0008', 'mug_microwave/episode_0009', 'mug_microwave/episode_0012', 'mug_microwave/episode_0013', 'mug_microwave/episode_0014', 'mug_microwave/episode_0015', 'mug_microwave/episode_0016', 'mug_microwave/episode_0017', 'mug_microwave/episode_0019', 'stove_moka/episode_0000', 'stove_moka/episode_0002', 'stove_moka/episode_0003', 'stove_moka/episode_0006', 'stove_moka/episode_0007', 'stove_moka/episode_0008', 'stove_moka/episode_0009', 'stove_moka/episode_0011', 'stove_moka/episode_0013', 'stove_moka/episode_0017', 'stove_moka/episode_0018', 'stove_moka/episode_0019']","['bowl_drawer/episode_0002', 'bowl_drawer/episode_0006', 'bowl_drawer/episode_0010', 'bowl_drawer/episode_0012', 'mug_microwave/episode_0001', 'mug_microwave/episode_0005', 'mug_microwave/episode_0006', 'mug_microwave/episode_0018', 'stove_moka/episode_0001', 'stove_moka/episode_0005', 'stove_moka/episode_0015', 'stove_moka/episode_0016']","['bowl_drawer/episode_0009', 'bowl_drawer/episode_0017', 'bowl_drawer/episode_0018', 'bowl_drawer/episode_0019', 'mug_microwave/episode_0003', 'mug_microwave/episode_0007', 'mug_microwave/episode_0010', 'mug_microwave/episode_0011', 'stove_moka/episode_0004', 'stove_moka/episode_0010', 'stove_moka/episode_0012', 'stove_moka/episode_0014']",strict_streaming_first_rising_event,False,boundary_f1_at_5_then_10_then_stage_then_fp_then_loss,0.8961174648780761,0.9074507119907222,0.9823788546255506,0.8352059925093633,0.8143459915611815,0.9796954314720813,8.0,1.0,1.3333333333333333,0.0,1,0.2962962962962963,4,12,7,0.5185185185185185,7,9,4,reports/transformer_streaming_native_seed17_v1/checkpoints/R6_vlm_dit_concat__common_256__seed_29.pt,reports/transformer_streaming_native_seed17_v1/histories/R6_vlm_dit_concat__common_256__seed_29.json
R6_vlm_dit_concat,common_256,41,3072,256,16,16,1,0.3396976197602962,0.95,0.4,1126659,3.4230912511055873,"['bowl_drawer/episode_0000', 'bowl_drawer/episode_0001', 'bowl_drawer/episode_0002', 'bowl_drawer/episode_0005', 'bowl_drawer/episode_0008', 'bowl_drawer/episode_0009', 'bowl_drawer/episode_0011', 'bowl_drawer/episode_0012', 'bowl_drawer/episode_0015', 'bowl_drawer/episode_0016', 'bowl_drawer/episode_0017', 'bowl_drawer/episode_0019', 'mug_microwave/episode_0001', 'mug_microwave/episode_0003', 'mug_microwave/episode_0004', 'mug_microwave/episode_0006', 'mug_microwave/episode_0007', 'mug_microwave/episode_0008', 'mug_microwave/episode_0009', 'mug_microwave/episode_0012', 'mug_microwave/episode_0014', 'mug_microwave/episode_0015', 'mug_microwave/episode_0017', 'mug_microwave/episode_0019', 'stove_moka/episode_0002', 'stove_moka/episode_0004', 'stove_moka/episode_0005', 'stove_moka/episode_0008', 'stove_moka/episode_0009', 'stove_moka/episode_0011', 'stove_moka/episode_0013', 'stove_moka/episode_0015', 'stove_moka/episode_0016', 'stove_moka/episode_0017', 'stove_moka/episode_0018', 'stove_moka/episode_0019']","['bowl_drawer/episode_0003', 'bowl_drawer/episode_0004', 'bowl_drawer/episode_0010', 'bowl_drawer/episode_0018', 'mug_microwave/episode_0005', 'mug_microwave/episode_0010', 'mug_microwave/episode_0013', 'mug_microwave/episode_0018', 'stove_moka/episode_0001', 'stove_moka/episode_0003', 'stove_moka/episode_0006', 'stove_moka/episode_0010']","['bowl_drawer/episode_0006', 'bowl_drawer/episode_0007', 'bowl_drawer/episode_0013', 'bowl_drawer/episode_0014', 'mug_microwave/episode_0000', 'mug_microwave/episode_0002', 'mug_microwave/episode_0011', 'mug_microwave/episode_0016', 'stove_moka/episode_0000', 'stove_moka/episode_0007', 'stove_moka/episode_0012', 'stove_moka/episode_0014']",strict_streaming_first_rising_event,False,boundary_f1_at_5_then_10_then_stage_then_fp_then_loss,0.8743543208153008,0.8954491835847769,0.9909502262443439,0.8021978021978022,0.7641921397379913,0.9887005649717514,10.0,0.6666666666666666,0.9166666666666666,0.0,1,0.2727272727272727,3,8,8,0.6363636363636364,7,4,4,reports/transformer_streaming_native_seed17_v1/checkpoints/R6_vlm_dit_concat__common_256__seed_41.pt,reports/transformer_streaming_native_seed17_v1/histories/R6_vlm_dit_concat__common_256__seed_41.json
R6_vlm_dit_concat,common_256,53,3072,256,16,16,1,0.40330419831159636,0.95,0.32,1126659,3.5219007880235034,"['bowl_drawer/episode_0000', 'bowl_drawer/episode_0002', 'bowl_drawer/episode_0003', 'bowl_drawer/episode_0004', 'bowl_drawer/episode_0006', 'bowl_drawer/episode_0007', 'bowl_drawer/episode_0009', 'bowl_drawer/episode_0010', 'bowl_drawer/episode_0012', 'bowl_drawer/episode_0015', 'bowl_drawer/episode_0016', 'bowl_drawer/episode_0019', 'mug_microwave/episode_0000', 'mug_microwave/episode_0001', 'mug_microwave/episode_0002', 'mug_microwave/episode_0003', 'mug_microwave/episode_0004', 'mug_microwave/episode_0005', 'mug_microwave/episode_0006', 'mug_microwave/episode_0010', 'mug_microwave/episode_0011', 'mug_microwave/episode_0013', 'mug_microwave/episode_0015', 'mug_microwave/episode_0016', 'stove_moka/episode_0001', 'stove_moka/episode_0004', 'stove_moka/episode_0005', 'stove_moka/episode_0006', 'stove_moka/episode_0007', 'stove_moka/episode_0010', 'stove_moka/episode_0013', 'stove_moka/episode_0014', 'stove_moka/episode_0015', 'stove_moka/episode_0017', 'stove_moka/episode_0018', 'stove_moka/episode_0019']","['bowl_drawer/episode_0001', 'bowl_drawer/episode_0005', 'bowl_drawer/episode_0013', 'bowl_drawer/episode_0014', 'mug_microwave/episode_0008', 'mug_microwave/episode_0012', 'mug_microwave/episode_0014', 'mug_microwave/episode_0017', 'stove_moka/episode_0002', 'stove_moka/episode_0011', 'stove_moka/episode_0012', 'stove_moka/episode_0016']","['bowl_drawer/episode_0008', 'bowl_drawer/episode_0011', 'bowl_drawer/episode_0017', 'bowl_drawer/episode_0018', 'mug_microwave/episode_0007', 'mug_microwave/episode_0009', 'mug_microwave/episode_0018', 'mug_microwave/episode_0019', 'stove_moka/episode_0000', 'stove_moka/episode_0003', 'stove_moka/episode_0008', 'stove_moka/episode_0009']",strict_streaming_first_rising_event,False,boundary_f1_at_5_then_10_then_stage_then_fp_then_loss,0.9562098063269023,0.956221198156682,0.9714285714285714,0.9400921658986175,0.9419642857142857,0.9723502304147466,7.0,0.9166666666666666,1.25,nan,0,0.2962962962962963,4,11,8,0.6666666666666666,9,6,3,reports/transformer_streaming_native_seed17_v1/checkpoints/R6_vlm_dit_concat__common_256__seed_53.pt,reports/transformer_streaming_native_seed17_v1/histories/R6_vlm_dit_concat__common_256__seed_53.json
R6_vlm_dit_concat,common_256,67,3072,256,16,16,1,0.5296497252132769,0.95,0.19047619047619047,1126659,3.690700485280178,"['bowl_drawer/episode_0002', 'bowl_drawer/episode_0003', 'bowl_drawer/episode_0004', 'bowl_drawer/episode_0005', 'bowl_drawer/episode_0006', 'bowl_drawer/episode_0007', 'bowl_drawer/episode_0010', 'bowl_drawer/episode_0012', 'bowl_drawer/episode_0013', 'bowl_drawer/episode_0015', 'bowl_drawer/episode_0018', 'bowl_drawer/episode_0019', 'mug_microwave/episode_0000', 'mug_microwave/episode_0003', 'mug_microwave/episode_0004', 'mug_microwave/episode_0006', 'mug_microwave/episode_0009', 'mug_microwave/episode_0010', 'mug_microwave/episode_0012', 'mug_microwave/episode_0014', 'mug_microwave/episode_0016', 'mug_microwave/episode_0017', 'mug_microwave/episode_0018', 'mug_microwave/episode_0019', 'stove_moka/episode_0000', 'stove_moka/episode_0004', 'stove_moka/episode_0005', 'stove_moka/episode_0007', 'stove_moka/episode_0008', 'stove_moka/episode_0009', 'stove_moka/episode_0010', 'stove_moka/episode_0011', 'stove_moka/episode_0013', 'stove_moka/episode_0015', 'stove_moka/episode_0018', 'stove_moka/episode_0019']","['bowl_drawer/episode_0000', 'bowl_drawer/episode_0001', 'bowl_drawer/episode_0009', 'bowl_drawer/episode_0014', 'mug_microwave/episode_0002', 'mug_microwave/episode_0005', 'mug_microwave/episode_0011', 'mug_microwave/episode_0015', 'stove_moka/episode_0003', 'stove_moka/episode_0006', 'stove_moka/episode_0014', 'stove_moka/episode_0017']","['bowl_drawer/episode_0008', 'bowl_drawer/episode_0011', 'bowl_drawer/episode_0016', 'bowl_drawer/episode_0017', 'mug_microwave/episode_0001', 'mug_microwave/episode_0007', 'mug_microwave/episode_0008', 'mug_microwave/episode_0013', 'stove_moka/episode_0001', 'stove_moka/episode_0002', 'stove_moka/episode_0012', 'stove_moka/episode_0016']",strict_streaming_first_rising_event,False,boundary_f1_at_5_then_10_then_stage_then_fp_then_loss,0.9818009243974909,0.9820698625046451,0.9760765550239234,0.9855072463768116,0.9870689655172413,0.9786324786324786,7.0,0.5,0.8333333333333334,nan,0,0.36363636363636365,4,6,8,0.5454545454545454,6,4,6,reports/transformer_streaming_native_seed17_v1/checkpoints/R6_vlm_dit_concat__common_256__seed_67.pt,reports/transformer_streaming_native_seed17_v1/histories/R6_vlm_dit_concat__common_256__seed_67.json
